{"stats":{"minecraft:dropped":{"minecraft:iron_sword":1,"minecraft:birch_planks":4,"minecraft:lapis_lazuli":1,"minecraft:oak_log":9,"minecraft:diamond":1,"minecraft:cooked_porkchop":5,"twilightforest:naga_stone":2,"minecraft:cracked_stone_bricks":6,"iceandfire:gorgon_head":3,"minecraft:emerald":22,"minecraft:dirt":50,"minecraft:seagrass":2,"minecraft:gold_nugget":10,"twilightforest:naga_stone_head":3,"twilightforest:nagastone_pillar_mossy":4,"minecraft:polished_blackstone_bricks":32,"minecraft:white_wool":1,"minecraft:gold_ingot":10,"minecraft:gravel":29,"minecraft:blackstone":23,"minecraft:wheat":5,"minecraft:netherite_sword":1,"minecraft:birch_sapling":3,"minecraft:rotten_flesh":25,"minecraft:oak_planks":3,"minecraft:azure_bluet":1,"minecraft:chiseled_stone_bricks":1,"iceandfire:armor_silver_metal_boots":1,"minecraft:basalt":2,"minecraft:stone_brick_stairs":7,"minecraft:quartz":4,"twilightforest:nagastone_pillar":7,"minecraft:netherrack":184,"minecraft:egg":2,"minecraft:netherite_pickaxe":4,"minecraft:wheat_seeds":14,"minecraft:netherite_chestplate":1,"minecraft:cobblestone":45,"minecraft:feather":7,"minecraft:granite":30,"twilightforest:twilight_oak_sapling":20,"twilightforest:etched_nagastone":9,"minecraft:spruce_stairs":1,"minecraft:stick":2,"minecraft:polished_andesite":3,"twilightforest:spiral_bricks":15,"minecraft:smooth_quartz":4,"iceandfire:armor_silver_metal_chestplate":1,"minecraft:iron_leggings":1,"minecraft:white_banner":2,"minecraft:paper":2,"minecraft:string":3,"minecraft:spruce_sapling":13,"minecraft:cobblestone_wall":1,"minecraft:smooth_stone_slab":1,"minecraft:chicken":1,"minecraft:iron_boots":2,"epicfight:katana":1,"minecraft:light_gray_concrete":6,"minecraft:nether_bricks":3,"shiny_gems_and_ores:silver_ore":7,"minecraft:diamond_sword":1,"minecraft:cobblestone_slab":3,"minecraft:iron_chestplate":1,"minecraft:diamond_pickaxe":1,"minecraft:andesite":13,"minecraft:mossy_stone_bricks":6,"minecraft:oak_sapling":58,"twilightforest:etched_nagastone_weathered":5,"iceandfire:lectern":1,"minecraft:stone_bricks":20,"minecraft:sandstone":9,"minecraft:bow":1,"minecraft:wooden_pickaxe":1},"minecraft:crafted":{"minecraft:oak_planks":1224,"usefulbackpacks:backpack_small":2,"minecraft:bookshelf":23,"minecraft:cooked_mutton":73,"minecraft:glass":35,"minecraft:diamond_helmet":1,"minecraft:diamond_leggings":1,"minecraft:chest":21,"minecraft:golden_boots":1,"minecraft:smoker":2,"minecraft:item_frame":5,"minecraft:wooden_shovel":1,"minecraft:emerald":84,"minecraft:cooked_porkchop":62,"minecraft:diamond_axe":2,"minecraft:crafting_table":18,"minecraft:spruce_planks":112,"minecraft:wooden_pickaxe":1,"minecraft:gold_block":1,"minecraft:birch_planks":88,"minecraft:paper":18,"minecraft:diamond_pickaxe":2,"minecraft:netherite_block":1,"minecraft:stick":116,"usefulbackpacks:backpack_large":2,"minecraft:iron_ingot":155,"minecraft:iron_pickaxe":2,"minecraft:iron_block":62,"minecraft:acacia_door":3,"minecraft:gold_ingot":60,"minecraft:netherite_ingot":13,"minecraft:oak_door":3,"minecraft:spruce_log":78,"minecraft:netherite_sword":1,"minecraft:furnace":10,"minecraft:diamond_block":29,"minecraft:netherite_chestplate":1,"minecraft:diamond":162,"minecraft:iron_axe":3,"minecraft:jungle_log":78,"minecraft:stone_pickaxe":1,"minecraft:diamond_boots":1,"usefulbackpacks:backpack_medium":2,"minecraft:spruce_boat":1,"minecraft:netherite_scrap":4,"minecraft:wheat":63,"minecraft:cooked_beef":71,"minecraft:coal_block":23,"minecraft:netherite_pickaxe":2,"minecraft:diamond_sword":1,"minecraft:enchanting_table":1,"iceandfire:tide_trident":1,"minecraft:enchanted_book":1,"minecraft:jungle_planks":8,"minecraft:air":0,"minecraft:bread":15,"minecraft:oak_boat":4,"minecraft:golden_apple":27,"minecraft:wooden_axe":5,"minecraft:oak_stairs":4,"minecraft:iron_shovel":1,"minecraft:white_bed":1,"minecraft:acacia_planks":100,"minecraft:torch":76,"minecraft:diamond_chestplate":1},"minecraft:picked_up":{"minecraft:seagrass":2,"minecraft:wheat":5,"minecraft:flower_pot":1,"minecraft:lead":2,"twilightforest:naga_trophy":1,"minecraft:diamond_sword":2,"minecraft:gilded_blackstone":1,"minecraft:stone_brick_stairs":7,"minecraft:crimson_planks":5,"minecraft:brewing_stand":1,"iceandfire:armor_silver_metal_chestplate":1,"minecraft:string":39,"iceandfire:sea_serpent_scales_teal":2,"minecraft:smooth_stone_slab":2,"minecraft:purple_banner":1,"minecraft:gold_nugget":70,"minecraft:spruce_planks":50,"minecraft:written_book":4,"minecraft:cobblestone_slab":3,"minecraft:smooth_quartz":4,"minecraft:iron_pickaxe":1,"minecraft:melon_slice":6,"minecraft:iron_boots":2,"minecraft:furnace":2,"minecraft:stick":103,"minecraft:torch":31,"minecraft:acacia_log":27,"minecraft:spruce_stairs":5,"epicfight:skillbook":5,"minecraft:porkchop":79,"minecraft:diorite":131,"twilightforest:nagastone_pillar_mossy":4,"minecraft:cauldron":1,"iceandfire:armor_silver_metal_boots":1,"minecraft:cactus":3,"minecraft:rotten_flesh":42,"minecraft:netherite_chestplate":1,"minecraft:blaze_rod":5,"minecraft:obsidian":5,"minecraft:iron_bars":4,"minecraft:cod":2,"minecraft:cobblestone":1151,"minecraft:birch_log":64,"minecraft:feather":20,"minecraft:cooked_beef":4,"minecraft:magma_cream":11,"minecraft:andesite":43,"minecraft:golden_leggings":2,"minecraft:smoker":1,"minecraft:flint":3,"minecraft:lapis_lazuli":55,"minecraft:dirt":186,"twilightforest:canopy_sapling":1,"minecraft:bone":113,"minecraft:chipped_anvil":1,"minecraft:acacia_planks":54,"minecraft:bow":4,"minecraft:gray_terracotta":5,"minecraft:wheat_seeds":30,"minecraft:mossy_stone_bricks":15,"minecraft:oak_planks":75,"minecraft:black_terracotta":9,"minecraft:cooked_porkchop":5,"minecraft:sand":49,"minecraft:jungle_planks":21,"minecraft:nether_brick_stairs":4,"minecraft:grass_block":2,"minecraft:jungle_slab":7,"minecraft:spectral_arrow":12,"minecraft:light_gray_concrete":6,"minecraft:polished_andesite":3,"minecraft:sugar":2,"twilightforest:twilight_oak_sapling":20,"twilightforest:naga_stone_head":3,"iceandfire:lectern":1,"waystones:waystone":31,"minecraft:cracked_polished_blackstone_bricks":32,"minecraft:crossbow":2,"minecraft:granite":65,"minecraft:emerald":13,"minecraft:bread":7,"iceandfire:gorgon_head":10,"minecraft:oak_sapling":166,"minecraft:netherrack":755,"iceandfire:silver_nugget":32,"twilightforest:torchberries":3,"minecraft:crimson_roots":1,"minecraft:diamond_pickaxe":1,"minecraft:crafting_table":4,"minecraft:azure_bluet":1,"iceandfire:witherbone":3,"minecraft:chicken":3,"minecraft:ladder":8,"minecraft:brown_mushroom":1,"minecraft:gold_block":2,"usefulbackpacks:backpack_medium":1,"minecraft:shield":1,"iceandfire:sea_serpent_scales_blue":11,"shiny_gems_and_ores:silver_ore":7,"minecraft:cornflower":12,"minecraft:red_bed":2,"minecraft:iron_axe":1,"minecraft:acacia_door":1,"minecraft:flint_and_steel":1,"minecraft:item_frame":1,"minecraft:blackstone":103,"epicfight:katana":1,"minecraft:blue_orchid":1,"minecraft:cracked_stone_bricks":9,"minecraft:netherite_sword":1,"minecraft:beef":64,"minecraft:player_head":1,"twilightforest:naga_scale":10,"minecraft:poppy":2,"minecraft:light_gray_wool":1,"minecraft:spruce_slab":21,"twilightforest:naga_stone":7,"minecraft:sugar_cane":29,"minecraft:chest":7,"minecraft:birch_sapling":19,"minecraft:egg":6,"minecraft:sandstone":10,"iceandfire:dragonbone":6,"minecraft:oak_door":1,"minecraft:polished_blackstone_bricks":81,"minecraft:redstone":94,"minecraft:netherite_pickaxe":6,"minecraft:purple_terracotta":1,"minecraft:dark_oak_planks":2,"iceandfire:dragon_skull_ice":1,"minecraft:smooth_sandstone_slab":1,"minecraft:tnt":10,"minecraft:arrow":169,"twilightforest:etched_nagastone":9,"minecraft:jungle_stairs":2,"minecraft:nether_bricks":3,"iceandfire:chared_dirt":1,"minecraft:diamond_boots":1,"minecraft:hay_block":28,"minecraft:saddle":1,"minecraft:gold_ingot":5,"minecraft:polished_blackstone":1,"minecraft:mutton":64,"minecraft:white_wool":41,"minecraft:netherite_boots":1,"iceandfire:sea_serpent_fang":11,"minecraft:leather":35,"minecraft:red_mushroom":2,"minecraft:birch_planks":22,"minecraft:crimson_fungus":1,"waystones:sandy_waystone":5,"minecraft:oak_log":354,"minecraft:lily_pad":30,"minecraft:ancient_debris":2,"minecraft:cobblestone_wall":1,"minecraft:gunpowder":10,"minecraft:paper":13,"minecraft:white_banner":2,"minecraft:cooked_mutton":20,"minecraft:apple":13,"minecraft:stone_bricks":53,"twilightforest:etched_nagastone_weathered":5,"minecraft:iron_ingot":1,"minecraft:iron_ore":34,"minecraft:iron_sword":2,"minecraft:acacia_sapling":13,"minecraft:soul_sand":5,"minecraft:dark_oak_stairs":2,"minecraft:book":82,"minecraft:dark_oak_slab":7,"twilightforest:nagastone_pillar":7,"minecraft:chiseled_stone_bricks":1,"minecraft:quartz":4,"minecraft:dandelion":7,"minecraft:gravel":121,"minecraft:spruce_sapling":13,"minecraft:blast_furnace":1,"minecraft:white_bed":5,"minecraft:gold_ore":30,"minecraft:crying_obsidian":2,"minecraft:spider_eye":1,"usefulbackpacks:backpack_large":1,"iceandfire:sea_serpent_scales_red":1,"minecraft:painting":18,"twilightforest:spiral_bricks":19,"minecraft:black_wool":2,"minecraft:coal":214,"minecraft:ender_pearl":2},"minecraft:mined":{"minecraft:dark_oak_planks":2,"minecraft:spruce_planks":51,"minecraft:white_bed":5,"minecraft:black_terracotta":7,"minecraft:jungle_slab":7,"minecraft:brewing_stand":1,"minecraft:obsidian":5,"twilightforest:naga_stone":6,"minecraft:granite":43,"minecraft:acacia_log":21,"minecraft:grass_block":50,"minecraft:cracked_polished_blackstone_bricks":32,"iceandfire:lectern":1,"minecraft:frosted_ice":2,"minecraft:crimson_fungus":1,"minecraft:spawner":74,"minecraft:gilded_blackstone":2,"minecraft:polished_blackstone_bricks":86,"minecraft:tall_seagrass":5,"minecraft:iron_ore":35,"minecraft:fire":6,"minecraft:azure_bluet":1,"minecraft:nether_brick_stairs":4,"minecraft:dark_oak_stairs":2,"shiny_gems_and_ores:silver_ore":7,"minecraft:iron_bars":4,"minecraft:light_gray_concrete":6,"minecraft:blue_orchid":1,"minecraft:player_head":1,"minecraft:spruce_slab":16,"minecraft:cut_sandstone":8,"minecraft:gray_terracotta":1,"lootr:lootr_chest":2,"minecraft:red_bed":2,"minecraft:blackstone":119,"minecraft:crimson_nylium":4,"minecraft:smoker":1,"minecraft:torch":14,"twilightforest:spiral_bricks":1,"minecraft:jungle_stairs":2,"minecraft:blast_furnace":1,"minecraft:poppy":2,"minecraft:melon":1,"minecraft:chest":3,"minecraft:white_stained_glass_pane":8,"iceandfire:frozen_dirt":1,"minecraft:cobblestone":29,"minecraft:oak_planks":11,"minecraft:sugar_cane":15,"minecraft:wall_torch":15,"twilightforest:nagastone_pillar_mossy":1,"minecraft:cauldron":1,"minecraft:seagrass":4,"minecraft:dark_oak_slab":4,"minecraft:birch_log":51,"minecraft:wheat":5,"minecraft:tnt":10,"minecraft:smooth_stone_slab":1,"minecraft:grass":92,"minecraft:oak_log":254,"minecraft:dirt":46,"minecraft:sand":48,"minecraft:smooth_quartz":5,"minecraft:crimson_planks":5,"minecraft:ancient_debris":1,"minecraft:netherrack":557,"minecraft:oak_leaves":11,"twilightforest:firefly":1,"minecraft:crying_obsidian":4,"minecraft:mossy_cobblestone":2,"minecraft:oak_door":1,"minecraft:nether_bricks":3,"minecraft:purple_terracotta":1,"minecraft:jungle_planks":21,"minecraft:crimson_roots":2,"minecraft:redstone_wire":1,"iceandfire:chared_dirt":1,"minecraft:spruce_leaves":8,"minecraft:sandstone":12,"minecraft:large_fern":1,"minecraft:hay_block":25,"minecraft:redstone_ore":17,"minecraft:furnace":1,"minecraft:chiseled_sandstone":1,"minecraft:andesite":51,"minecraft:gold_block":1,"minecraft:bookshelf":26,"minecraft:vine":2,"minecraft:stone":989,"twilightforest:naga_stone_head":2,"minecraft:infested_stone_bricks":1,"minecraft:dandelion":7,"minecraft:crafting_table":4,"minecraft:cornflower":13,"minecraft:tall_grass":10,"minecraft:lapis_ore":8,"minecraft:diorite":95,"minecraft:air":75,"minecraft:spruce_stairs":4,"minecraft:birch_planks":2,"minecraft:birch_leaves":1,"minecraft:coal_ore":101,"twilightforest:moss_patch":2,"minecraft:flower_pot":1,"minecraft:gravel":58,"minecraft:acacia_door":1,"minecraft:cracked_stone_bricks":3,"minecraft:acacia_planks":55,"minecraft:polished_andesite":1,"minecraft:stone_bricks":35,"minecraft:mossy_stone_bricks":10,"minecraft:gold_ore":29,"minecraft:chipped_anvil":1},"minecraft:broken":{"minecraft:golden_boots":1,"minecraft:iron_leggings":1,"minecraft:wooden_axe":2,"minecraft:shield":1,"minecraft:iron_axe":2,"minecraft:iron_pickaxe":1,"minecraft:iron_helmet":1},"minecraft:custom":{"lootr:looted_stat":226,"minecraft:interact_with_crafting_table":98,"goblintraders:trade_with_goblin":17,"minecraft:leave_game":7,"minecraft:time_since_death":176835,"minecraft:sprint_one_cm":1885169,"minecraft:damage_blocked_by_shield":1925,"minecraft:drop":147,"minecraft:talked_to_villager":55,"minecraft:deaths":33,"minecraft:jump":13518,"minecraft:walk_on_water_one_cm":295346,"minecraft:enchant_item":3,"minecraft:interact_with_furnace":50,"minecraft:traded_with_villager":50,"minecraft:play_one_minute":774581,"minecraft:sleep_in_bed":16,"minecraft:waystone_activated":39,"minecraft:damage_dealt":103710,"minecraft:crouch_one_cm":46671,"minecraft:interact_with_smoker":16,"minecraft:inspect_dispenser":3,"minecraft:interact_with_smithing_table":3,"minecraft:interact_with_anvil":15,"minecraft:mob_kills":551,"minecraft:climb_one_cm":26505,"minecraft:walk_one_cm":1821565,"minecraft:raid_win":1,"minecraft:sneak_time":14209,"minecraft:walk_under_water_one_cm":123242,"minecraft:boat_one_cm":1067040,"minecraft:interact_with_blast_furnace":1,"minecraft:time_since_rest":47544,"minecraft:damage_absorbed":1011,"minecraft:damage_taken":2147483647,"minecraft:trigger_trapped_chest":2,"minecraft:swim_one_cm":254328,"minecraft:fly_one_cm":2507583,"minecraft:open_chest":317,"minecraft:fall_one_cm":320581},"minecraft:used":{"iceandfire:tide_trident":6,"twilightforest:spiral_bricks":1,"minecraft:iron_shovel":31,"minecraft:spruce_slab":12,"minecraft:poppy":2,"minecraft:chest":19,"minecraft:shield":45,"minecraft:iron_sword":1405,"epicfight:katana":128,"minecraft:jungle_planks":1,"minecraft:milk_bucket":1,"minecraft:spruce_boat":1,"minecraft:glass":12,"minecraft:blue_orchid":2,"minecraft:stone_bricks":14,"minecraft:item_frame":6,"minecraft:bow":27,"minecraft:furnace":2,"minecraft:egg":2,"epicfight:skillbook":8,"minecraft:mossy_stone_bricks":5,"minecraft:diorite":1,"minecraft:oak_planks":636,"minecraft:stone_pickaxe":94,"minecraft:cactus":3,"minecraft:blackstone":33,"minecraft:ender_pearl":1,"minecraft:wooden_pickaxe":9,"minecraft:diamond_axe":123,"minecraft:sugar_cane":11,"minecraft:white_wool":1,"minecraft:golden_apple":33,"minecraft:black_terracotta":1,"waystones:waystone":30,"minecraft:acacia_door":2,"minecraft:melon_slice":6,"minecraft:bread":55,"minecraft:andesite":12,"minecraft:oak_boat":4,"minecraft:birch_log":45,"minecraft:air":75,"minecraft:experience_bottle":3,"minecraft:netherite_sword":71,"minecraft:enchanting_table":1,"waystones:sandy_waystone":5,"minecraft:acacia_log":21,"minecraft:flint_and_steel":1,"minecraft:redstone":1,"minecraft:spruce_planks":133,"minecraft:wooden_shovel":4,"minecraft:cooked_chicken":2,"minecraft:netherrack":265,"minecraft:oak_door":3,"minecraft:torch":102,"minecraft:dirt":31,"minecraft:ancient_debris":1,"minecraft:wooden_axe":71,"minecraft:chipped_anvil":1,"minecraft:bookshelf":23,"minecraft:iron_axe":347,"minecraft:oak_stairs":4,"minecraft:golden_carrot":1,"minecraft:netherite_pickaxe":1173,"minecraft:cooked_beef":75,"minecraft:acacia_planks":148,"minecraft:golden_axe":26,"minecraft:cooked_mutton":76,"minecraft:water_bucket":87,"minecraft:birch_planks":30,"minecraft:baked_potato":14,"minecraft:gold_ore":25,"minecraft:cracked_stone_bricks":2,"minecraft:tnt":30,"minecraft:crafting_table":21,"minecraft:red_bed":1,"minecraft:white_bed":6,"minecraft:cod":1,"minecraft:painting":18,"minecraft:smoker":2,"minecraft:oak_log":239,"minecraft:cornflower":6,"minecraft:diamond_pickaxe":914,"minecraft:diamond_shovel":51,"minecraft:cracked_polished_blackstone_bricks":1,"minecraft:iron_pickaxe":320,"minecraft:jungle_stairs":1,"minecraft:cobblestone":205,"minecraft:potion":1,"minecraft:porkchop":4,"minecraft:cooked_porkchop":71,"minecraft:bucket":88,"minecraft:dandelion":6},"minecraft:killed":{"iceandfire:hippogryph":1,"twilightforest:hostile_wolf":3,"minecraft:witch":1,"iceandfire:gorgon":2,"minecraft:spider":14,"minecraft:skeleton":97,"minecraft:chicken":3,"minecraft:silverfish":13,"minecraft:turtle":1,"twilightforest:rising_zombie":2,"minecraft:piglin_brute":26,"minecraft:magma_cube":119,"minecraft:piglin":6,"minecraft:pig":21,"minecraft:creeper":7,"twilightforest:skeleton_druid":4,"minecraft:sheep":44,"minecraft:trader_llama":2,"minecraft:pillager":50,"minecraft:zombie":21,"minecraft:cow":38,"iceandfire:sea_serpent":3,"minecraft:blaze":10,"minecraft:vindicator":26,"minecraft:horse":1,"twilightforest:naga":1,"twilightforest:swarm_spider":3,"twilightforest:death_tome":3,"minecraft:bat":1,"twilightforest:kobold":4,"minecraft:wandering_trader":1,"minecraft:ravager":1,"minecraft:hoglin":6,"iceandfire:ghost":2,"minecraft:wither_skeleton":2,"minecraft:enderman":1},"minecraft:killed_by":{"minecraft:wither_skeleton":4,"minecraft:pillager":1,"minecraft:magma_cube":4,"iceandfire:sea_serpent":4,"twilightforest:kobold":1,"minecraft:vindicator":2,"minecraft:silverfish":1,"minecraft:blaze":1,"iceandfire:fire_dragon":5,"iceandfire:deathworm":1,"iceandfire:gorgon":5,"minecraft:skeleton":1}},"DataVersion":2586}