{"stats":{"minecraft:picked_up":{"minecraft:wheat":5,"minecraft:flower_pot":1,"twilightforest:naga_trophy":1,"minecraft:stone_brick_stairs":7,"minecraft:crimson_planks":5,"minecraft:brewing_stand":1,"minecraft:string":24,"minecraft:smooth_stone_slab":2,"minecraft:purple_banner":1,"minecraft:gold_nugget":8,"minecraft:spruce_planks":50,"minecraft:cobblestone_slab":3,"minecraft:written_book":4,"minecraft:iron_pickaxe":1,"minecraft:melon_slice":6,"minecraft:iron_boots":1,"minecraft:furnace":1,"minecraft:stick":60,"minecraft:torch":15,"minecraft:acacia_log":25,"minecraft:spruce_stairs":5,"epicfight:skillbook":4,"minecraft:porkchop":22,"minecraft:diorite":21,"twilightforest:nagastone_pillar_mossy":4,"minecraft:cauldron":1,"minecraft:cactus":3,"minecraft:rotten_flesh":27,"minecraft:obsidian":3,"minecraft:iron_bars":2,"minecraft:cod":1,"minecraft:cobblestone":215,"minecraft:birch_log":22,"minecraft:feather":20,"minecraft:cooked_beef":4,"minecraft:andesite":12,"minecraft:lapis_lazuli":54,"minecraft:dirt":70,"twilightforest:canopy_sapling":1,"minecraft:bone":89,"minecraft:chipped_anvil":1,"minecraft:acacia_planks":54,"minecraft:bow":1,"minecraft:wheat_seeds":16,"minecraft:mossy_stone_bricks":15,"minecraft:oak_planks":8,"minecraft:black_terracotta":7,"minecraft:sand":49,"minecraft:jungle_planks":21,"minecraft:jungle_slab":7,"minecraft:polished_andesite":1,"minecraft:sugar":2,"twilightforest:twilight_oak_sapling":20,"twilightforest:naga_stone_head":3,"waystones:waystone":16,"minecraft:granite":17,"minecraft:bread":7,"minecraft:emerald":12,"iceandfire:gorgon_head":2,"minecraft:oak_sapling":85,"twilightforest:torchberries":3,"minecraft:crafting_table":3,"minecraft:chicken":3,"minecraft:ladder":8,"minecraft:brown_mushroom":1,"usefulbackpacks:backpack_medium":1,"shiny_gems_and_ores:silver_ore":7,"iceandfire:sea_serpent_scales_blue":11,"minecraft:cornflower":12,"minecraft:red_bed":2,"minecraft:acacia_door":1,"epicfight:katana":1,"minecraft:blue_orchid":1,"minecraft:cracked_stone_bricks":9,"minecraft:beef":62,"minecraft:player_head":1,"twilightforest:naga_scale":10,"minecraft:poppy":2,"minecraft:spruce_slab":21,"minecraft:light_gray_wool":1,"twilightforest:naga_stone":7,"minecraft:sugar_cane":10,"minecraft:chest":2,"minecraft:birch_sapling":5,"minecraft:egg":4,"minecraft:sandstone":10,"minecraft:oak_door":1,"minecraft:redstone":10,"minecraft:purple_terracotta":1,"minecraft:dark_oak_planks":2,"minecraft:smooth_sandstone_slab":1,"minecraft:tnt":9,"minecraft:arrow":92,"minecraft:jungle_stairs":2,"twilightforest:etched_nagastone":9,"iceandfire:chared_dirt":1,"minecraft:hay_block":27,"minecraft:mutton":61,"minecraft:white_wool":38,"iceandfire:sea_serpent_fang":8,"minecraft:leather":25,"minecraft:red_mushroom":2,"minecraft:birch_planks":21,"waystones:sandy_waystone":3,"minecraft:oak_log":132,"minecraft:lily_pad":30,"minecraft:cobblestone_wall":1,"minecraft:gunpowder":4,"minecraft:paper":13,"minecraft:cooked_mutton":3,"minecraft:apple":4,"minecraft:stone_bricks":15,"twilightforest:etched_nagastone_weathered":5,"minecraft:iron_ingot":1,"minecraft:iron_ore":18,"minecraft:iron_sword":1,"minecraft:acacia_sapling":10,"minecraft:dark_oak_stairs":2,"minecraft:book":81,"twilightforest:nagastone_pillar":7,"minecraft:dark_oak_slab":7,"minecraft:chiseled_stone_bricks":1,"minecraft:quartz":4,"minecraft:dandelion":7,"minecraft:blast_furnace":1,"minecraft:white_bed":5,"minecraft:spider_eye":1,"minecraft:painting":5,"iceandfire:sea_serpent_scales_red":1,"twilightforest:spiral_bricks":19,"minecraft:black_wool":2,"minecraft:coal":21},"minecraft:broken":{"minecraft:iron_leggings":1,"minecraft:wooden_axe":2,"minecraft:iron_axe":1,"minecraft:iron_pickaxe":1},"minecraft:mined":{"minecraft:dark_oak_planks":2,"minecraft:spruce_planks":51,"minecraft:white_bed":5,"minecraft:black_terracotta":7,"minecraft:jungle_slab":7,"minecraft:brewing_stand":1,"minecraft:obsidian":3,"twilightforest:naga_stone":6,"minecraft:granite":17,"minecraft:acacia_log":21,"minecraft:grass_block":45,"minecraft:frosted_ice":2,"minecraft:spawner":36,"minecraft:iron_ore":18,"minecraft:dark_oak_stairs":2,"shiny_gems_and_ores:silver_ore":7,"minecraft:iron_bars":2,"minecraft:blue_orchid":1,"minecraft:player_head":1,"minecraft:spruce_slab":16,"minecraft:cut_sandstone":8,"lootr:lootr_chest":2,"minecraft:red_bed":2,"minecraft:torch":8,"twilightforest:spiral_bricks":1,"minecraft:jungle_stairs":2,"minecraft:blast_furnace":1,"minecraft:poppy":2,"minecraft:melon":1,"minecraft:white_stained_glass_pane":4,"minecraft:cobblestone":11,"minecraft:oak_planks":8,"minecraft:sugar_cane":5,"minecraft:wall_torch":7,"twilightforest:nagastone_pillar_mossy":1,"minecraft:cauldron":1,"minecraft:dark_oak_slab":4,"minecraft:birch_log":17,"minecraft:wheat":5,"minecraft:tnt":9,"minecraft:smooth_stone_slab":1,"minecraft:grass":52,"minecraft:oak_log":118,"minecraft:sand":48,"minecraft:dirt":15,"minecraft:crimson_planks":5,"minecraft:oak_leaves":2,"twilightforest:firefly":1,"minecraft:oak_door":1,"minecraft:purple_terracotta":1,"minecraft:jungle_planks":21,"minecraft:redstone_wire":1,"iceandfire:chared_dirt":1,"minecraft:sandstone":12,"minecraft:hay_block":25,"minecraft:redstone_ore":2,"minecraft:furnace":1,"minecraft:chiseled_sandstone":1,"minecraft:andesite":12,"minecraft:bookshelf":26,"minecraft:vine":2,"minecraft:stone":198,"twilightforest:naga_stone_head":2,"minecraft:infested_stone_bricks":1,"minecraft:dandelion":7,"minecraft:crafting_table":3,"minecraft:cornflower":13,"minecraft:tall_grass":6,"minecraft:lapis_ore":8,"minecraft:diorite":21,"minecraft:air":25,"minecraft:spruce_stairs":4,"minecraft:birch_planks":1,"minecraft:birch_leaves":1,"minecraft:coal_ore":21,"minecraft:flower_pot":1,"minecraft:acacia_door":1,"twilightforest:moss_patch":2,"minecraft:cracked_stone_bricks":3,"minecraft:acacia_planks":55,"minecraft:stone_bricks":9,"minecraft:mossy_stone_bricks":9,"minecraft:chipped_anvil":1},"minecraft:killed_by":{"minecraft:pillager":1,"iceandfire:sea_serpent":4,"twilightforest:kobold":1,"minecraft:vindicator":2,"minecraft:silverfish":1,"iceandfire:fire_dragon":5,"iceandfire:deathworm":1,"iceandfire:gorgon":5,"minecraft:skeleton":1},"minecraft:used":{"twilightforest:spiral_bricks":1,"minecraft:iron_shovel":31,"minecraft:spruce_slab":12,"minecraft:poppy":2,"minecraft:chest":4,"minecraft:iron_sword":672,"epicfight:katana":128,"minecraft:jungle_planks":1,"minecraft:milk_bucket":1,"minecraft:spruce_boat":1,"minecraft:glass":12,"minecraft:blue_orchid":2,"minecraft:stone_bricks":9,"minecraft:furnace":2,"minecraft:egg":2,"minecraft:mossy_stone_bricks":5,"epicfight:skillbook":2,"minecraft:stone_pickaxe":94,"minecraft:oak_planks":239,"minecraft:cactus":3,"minecraft:wooden_pickaxe":9,"minecraft:diamond_axe":80,"minecraft:sugar_cane":10,"minecraft:golden_apple":9,"minecraft:black_terracotta":1,"waystones:waystone":14,"minecraft:acacia_door":2,"minecraft:bread":44,"minecraft:birch_log":11,"minecraft:andesite":1,"minecraft:oak_boat":4,"minecraft:air":25,"waystones:sandy_waystone":3,"minecraft:enchanting_table":1,"minecraft:acacia_log":21,"minecraft:redstone":1,"minecraft:spruce_planks":133,"minecraft:wooden_shovel":4,"minecraft:cooked_chicken":2,"minecraft:oak_door":3,"minecraft:torch":58,"minecraft:dirt":23,"minecraft:wooden_axe":71,"minecraft:chipped_anvil":1,"minecraft:bookshelf":23,"minecraft:iron_axe":335,"minecraft:golden_carrot":1,"minecraft:cooked_beef":46,"minecraft:acacia_planks":148,"minecraft:golden_axe":26,"minecraft:cooked_mutton":40,"minecraft:water_bucket":46,"minecraft:birch_planks":30,"minecraft:baked_potato":14,"minecraft:cracked_stone_bricks":2,"minecraft:crafting_table":16,"minecraft:red_bed":1,"minecraft:white_bed":6,"minecraft:oak_log":104,"minecraft:diamond_pickaxe":59,"minecraft:cornflower":6,"minecraft:iron_pickaxe":320,"minecraft:jungle_stairs":1,"minecraft:cobblestone":54,"minecraft:potion":1,"minecraft:cooked_porkchop":11,"minecraft:bucket":46,"minecraft:dandelion":6},"minecraft:crafted":{"minecraft:oak_planks":528,"usefulbackpacks:backpack_small":2,"minecraft:bookshelf":23,"minecraft:cooked_mutton":37,"minecraft:glass":12,"minecraft:diamond_helmet":1,"minecraft:diamond_leggings":1,"minecraft:chest":4,"minecraft:wooden_shovel":1,"minecraft:cooked_porkchop":7,"minecraft:diamond_axe":1,"minecraft:crafting_table":13,"minecraft:spruce_planks":112,"minecraft:wooden_pickaxe":1,"minecraft:birch_planks":88,"minecraft:diamond_pickaxe":1,"minecraft:stick":92,"usefulbackpacks:backpack_large":2,"minecraft:iron_pickaxe":2,"minecraft:acacia_door":3,"minecraft:oak_door":3,"minecraft:furnace":2,"minecraft:iron_axe":3,"minecraft:stone_pickaxe":1,"minecraft:diamond_boots":1,"usefulbackpacks:backpack_medium":2,"minecraft:spruce_boat":1,"minecraft:wheat":63,"minecraft:cooked_beef":71,"minecraft:enchanting_table":1,"minecraft:bread":15,"minecraft:air":0,"minecraft:oak_boat":4,"minecraft:golden_apple":8,"minecraft:wooden_axe":5,"minecraft:iron_shovel":1,"minecraft:white_bed":1,"minecraft:acacia_planks":100,"minecraft:torch":44,"minecraft:diamond_chestplate":1},"minecraft:custom":{"lootr:looted_stat":161,"minecraft:interact_with_crafting_table":45,"minecraft:leave_game":2,"minecraft:time_since_death":9438,"minecraft:sprint_one_cm":1013416,"minecraft:drop":47,"minecraft:talked_to_villager":5,"minecraft:deaths":23,"minecraft:jump":5878,"minecraft:walk_on_water_one_cm":72732,"minecraft:interact_with_furnace":35,"minecraft:play_one_minute":338129,"minecraft:sleep_in_bed":13,"minecraft:waystone_activated":19,"minecraft:damage_dealt":61080,"minecraft:crouch_one_cm":17361,"minecraft:inspect_dispenser":1,"minecraft:mob_kills":295,"minecraft:interact_with_anvil":7,"minecraft:climb_one_cm":17551,"minecraft:walk_one_cm":794852,"minecraft:sneak_time":6151,"minecraft:walk_under_water_one_cm":52477,"minecraft:boat_one_cm":1067040,"minecraft:interact_with_blast_furnace":1,"minecraft:time_since_rest":9461,"minecraft:damage_taken":2147483647,"minecraft:damage_absorbed":358,"minecraft:swim_one_cm":114975,"minecraft:fly_one_cm":1292972,"minecraft:open_chest":76,"minecraft:fall_one_cm":161055},"minecraft:dropped":{"minecraft:birch_planks":3,"minecraft:diamond":1,"minecraft:cooked_porkchop":1,"minecraft:gold_nugget":8,"minecraft:birch_sapling":2,"minecraft:wheat":4,"minecraft:rotten_flesh":6,"minecraft:oak_planks":3,"minecraft:quartz":4,"minecraft:wheat_seeds":12,"minecraft:cobblestone":1,"minecraft:feather":7,"minecraft:spruce_stairs":1,"minecraft:stick":2,"minecraft:iron_leggings":1,"minecraft:paper":1,"minecraft:chicken":1,"epicfight:katana":1,"shiny_gems_and_ores:silver_ore":7,"minecraft:oak_sapling":40,"minecraft:sandstone":9,"minecraft:wooden_pickaxe":1},"minecraft:killed":{"twilightforest:hostile_wolf":3,"iceandfire:hippogryph":1,"minecraft:witch":1,"iceandfire:gorgon":2,"minecraft:spider":1,"minecraft:skeleton":82,"minecraft:chicken":3,"minecraft:silverfish":13,"twilightforest:rising_zombie":2,"minecraft:pig":14,"minecraft:creeper":2,"twilightforest:skeleton_druid":4,"minecraft:sheep":41,"minecraft:pillager":39,"minecraft:zombie":15,"iceandfire:sea_serpent":2,"minecraft:cow":30,"minecraft:vindicator":25,"twilightforest:naga":1,"twilightforest:swarm_spider":3,"twilightforest:death_tome":3,"minecraft:bat":1,"twilightforest:kobold":4}},"DataVersion":2586}