{"stats":{"minecraft:used":{"minecraft:chest":2,"minecraft:spruce_planks":61,"minecraft:iron_sword":504,"minecraft:dirt":17,"blue_skies:cooked_charscale_moki":1,"minecraft:spruce_boat":2,"minecraft:dark_oak_planks":23,"blue_skies:zeal_lighter":2,"minecraft:wooden_axe":35,"minecraft:lava_bucket":5,"minecraft:iron_axe":98,"blue_skies:charscale_moki":2,"minecraft:stone_bricks":5,"minecraft:cooked_cod":1,"comforts:sleeping_bag_white":2,"minecraft:cooked_beef":38,"minecraft:potato":6,"minecraft:acacia_planks":11,"minecraft:pumpkin":3,"minecraft:cooked_mutton":6,"minecraft:water_bucket":2,"minecraft:damaged_anvil":1,"minecraft:birch_planks":4,"minecraft:oak_planks":3,"minecraft:wooden_pickaxe":7,"minecraft:birch_boat":5,"minecraft:golden_apple":2,"minecraft:crafting_table":7,"minecraft:blast_furnace":1,"minecraft:white_bed":4,"minecraft:smoker":4,"minecraft:diamond_pickaxe":59,"minecraft:bread":2,"minecraft:melon_slice":4,"blue_skies:cooked_horizofin_tunid":1,"minecraft:wooden_sword":45,"minecraft:cobblestone":27,"minecraft:stripped_crimson_hyphae":1,"minecraft:cooked_porkchop":4,"minecraft:bucket":6,"minecraft:experience_bottle":4},"minecraft:mined":{"minecraft:dark_oak_planks":5,"minecraft:spruce_planks":11,"minecraft:white_bed":3,"gravestone:gravestone":1,"minecraft:ladder":1,"minecraft:dark_oak_fence":4,"minecraft:stripped_crimson_hyphae":2,"minecraft:allium":1,"minecraft:grass_block":13,"minecraft:spruce_fence":1,"minecraft:spruce_leaves":4,"minecraft:spawner":2,"minecraft:fire":2,"minecraft:acacia_wood":4,"minecraft:stripped_spruce_log":1,"minecraft:pumpkin":3,"minecraft:peony":1,"minecraft:stripped_dark_oak_wood":1,"minecraft:azure_bluet":1,"minecraft:gold_block":1,"minecraft:dark_oak_stairs":5,"minecraft:purple_carpet":1,"minecraft:white_tulip":1,"minecraft:stone":30,"minecraft:smithing_table":1,"minecraft:oak_slab":5,"lootr:lootr_barrel":8,"lootr:lootr_chest":27,"minecraft:smoker":6,"minecraft:dandelion":1,"minecraft:oak_fence":6,"minecraft:crafting_table":3,"minecraft:purple_wall_banner":1,"minecraft:dark_oak_wood":7,"minecraft:blast_furnace":2,"minecraft:oak_wood":2,"minecraft:melon":2,"minecraft:chest":2,"minecraft:rose_bush":3,"minecraft:campfire":1,"minecraft:tall_grass":7,"minecraft:sugar_cane":4,"minecraft:oak_planks":7,"minecraft:damaged_anvil":5,"minecraft:diorite":2,"minecraft:birch_planks":2,"minecraft:birch_log":3,"minecraft:wheat":1,"minecraft:birch_leaves":2,"minecraft:purple_concrete":4,"minecraft:stripped_oak_wood":2,"minecraft:orange_tulip":2,"minecraft:white_wall_banner":1,"minecraft:grass":54,"minecraft:oak_log":5,"minecraft:dirt":17,"minecraft:cobweb":1,"minecraft:terracotta":2,"minecraft:stone_bricks":6,"minecraft:oak_leaves":4},"minecraft:picked_up":{"minecraft:charcoal":2,"minecraft:crafting_table":3,"minecraft:iron_chestplate":1,"minecraft:ladder":1,"minecraft:smithing_table":1,"minecraft:brown_mushroom":2,"minecraft:wooden_pickaxe":1,"minecraft:gold_block":1,"minecraft:string":2,"minecraft:item_frame":4,"minecraft:purple_banner":1,"minecraft:gold_nugget":2,"minecraft:spruce_planks":14,"comforts:sleeping_bag_white":2,"apotheosis:armor_feet_book":1,"minecraft:beef":37,"minecraft:white_tulip":1,"minecraft:rose_bush":2,"minecraft:observer":1,"minecraft:melon_slice":8,"minecraft:sugar_cane":13,"minecraft:chest":12,"minecraft:stripped_crimson_hyphae":2,"minecraft:oak_fence":5,"minecraft:spruce_fence":1,"minecraft:porkchop":25,"minecraft:diorite":2,"minecraft:carrot":1,"minecraft:dark_oak_planks":4,"minecraft:tnt":1,"minecraft:arrow":5,"minecraft:rotten_flesh":2,"minecraft:cooked_cod":3,"minecraft:peony":1,"minecraft:stripped_dark_oak_wood":1,"minecraft:gold_ingot":27,"minecraft:mutton":34,"minecraft:white_wool":21,"minecraft:cobblestone":28,"minecraft:birch_log":3,"minecraft:brown_wool":1,"minecraft:leather":16,"minecraft:smoker":6,"minecraft:acacia_wood":4,"minecraft:birch_planks":2,"minecraft:oak_log":5,"minecraft:dirt":41,"minecraft:bone":7,"minecraft:stone_bricks":5,"minecraft:kelp":10,"minecraft:bow":1,"minecraft:orange_tulip":1,"minecraft:wheat_seeds":5,"minecraft:stripped_oak_wood":2,"minecraft:iron_sword":1,"minecraft:oak_planks":19,"minecraft:dark_oak_stairs":5,"minecraft:purple_concrete":4,"minecraft:oak_slab":5,"minecraft:birch_boat":4,"minecraft:pumpkin":3,"patchouli:guide_book":1,"minecraft:stripped_spruce_log":1,"minecraft:blast_furnace":2,"minecraft:white_bed":3,"minecraft:barrel":12,"minecraft:oak_wood":2,"blue_skies:zeal_lighter":1,"minecraft:dispenser":1,"minecraft:spruce_boat":1,"minecraft:emerald":15,"minecraft:terracotta":2,"minecraft:damaged_anvil":5,"minecraft:dark_oak_wood":7,"minecraft:dark_oak_fence":6,"minecraft:coal":34},"minecraft:dropped":{"minecraft:iron_sword":1,"minecraft:stripped_spruce_log":1,"minecraft:oak_slab":1,"minecraft:brown_mushroom":2,"minecraft:dark_oak_stairs":5,"minecraft:wheat_seeds":3,"minecraft:tnt":1,"minecraft:golden_pickaxe":1,"minecraft:cobblestone":1,"minecraft:item_frame":4,"minecraft:stick":1,"minecraft:pufferfish":1,"minecraft:dirt":22,"minecraft:diorite":2,"minecraft:dark_oak_fence":6,"minecraft:rose_bush":1,"minecraft:brown_wool":1,"minecraft:stripped_dark_oak_wood":1,"minecraft:gold_nugget":2,"minecraft:wooden_sword":1,"minecraft:stripped_oak_wood":2,"minecraft:kelp":10,"minecraft:wheat":2,"minecraft:oak_planks":4,"minecraft:spruce_fence":1,"patchouli:guide_book":1,"minecraft:iron_chestplate":1,"minecraft:ladder":1,"minecraft:barrel":7,"minecraft:wooden_pickaxe":1},"minecraft:killed":{"minecraft:spider":1,"minecraft:vindicator":22,"minecraft:skeleton":8,"minecraft:pig":10,"minecraft:sheep":22,"minecraft:pillager":100,"minecraft:zombie":3,"minecraft:cow":18},"minecraft:custom":{"minecraft:interact_with_smithing_table":1,"lootr:looted_stat":76,"minecraft:interact_with_anvil":2,"minecraft:mob_kills":185,"minecraft:interact_with_crafting_table":18,"minecraft:open_barrel":2,"minecraft:leave_game":2,"minecraft:time_since_death":95659,"minecraft:climb_one_cm":11641,"minecraft:sprint_one_cm":601935,"minecraft:walk_one_cm":389375,"minecraft:drop":37,"minecraft:talked_to_villager":21,"minecraft:deaths":1,"minecraft:sneak_time":3255,"minecraft:walk_under_water_one_cm":26850,"minecraft:boat_one_cm":679787,"minecraft:jump":2606,"minecraft:interact_with_blast_furnace":2,"minecraft:walk_on_water_one_cm":22440,"minecraft:traded_with_villager":1,"minecraft:play_one_minute":154088,"minecraft:sleep_in_bed":8,"minecraft:time_since_rest":24835,"minecraft:damage_taken":4344,"minecraft:damage_absorbed":80,"minecraft:damage_dealt":39305,"minecraft:swim_one_cm":59852,"minecraft:fly_one_cm":493359,"minecraft:open_chest":6,"minecraft:crouch_one_cm":8990,"minecraft:interact_with_smoker":19,"minecraft:fall_one_cm":75136,"minecraft:inspect_dispenser":1},"minecraft:killed_by":{"minecraft:skeleton":1},"minecraft:crafted":{"minecraft:wooden_sword":1,"minecraft:oak_planks":16,"comforts:sleeping_bag_white":1,"minecraft:birch_boat":1,"usefulbackpacks:backpack_small":3,"blue_skies:zeal_lighter":1,"minecraft:cooked_mutton":40,"usefulbackpacks:backpack_medium":2,"minecraft:spruce_boat":2,"minecraft:dark_oak_planks":28,"minecraft:cooked_beef":38,"minecraft:cooked_porkchop":28,"minecraft:crafting_table":6,"minecraft:spruce_planks":104,"minecraft:wooden_pickaxe":1,"minecraft:birch_planks":12,"minecraft:air":0,"minecraft:diamond_pickaxe":1,"minecraft:stick":8,"minecraft:wooden_axe":1,"minecraft:gold_ingot":9,"minecraft:white_bed":1,"minecraft:acacia_planks":16,"minecraft:torch":4}},"DataVersion":2586}