{"stats":{"minecraft:killed":{"twilightforest:hostile_wolf":2,"minecraft:cave_spider":37,"minecraft:spider":23,"twilightforest:maze_slime":21,"minecraft:cod":1,"iceandfire:stymphalian_bird":3,"minecraft:skeleton":22,"twilightforest:lich":4,"twilightforest:pinch_beetle":6,"minecraft:chicken":2,"twilightforest:minotaur":21,"twilightforest:slime_beetle":7,"minecraft:pig":1,"twilightforest:raven":1,"minecraft:creeper":9,"iceandfire:cockatrice":1,"minecraft:sheep":9,"minecraft:pillager":15,"minecraft:zombie":43,"minecraft:cow":11,"minecraft:vindicator":4,"twilightforest:fire_beetle":5,"minecraft:horse":4,"twilightforest:naga":1,"twilightforest:swarm_spider":1,"twilightforest:loyal_zombie":1,"minecraft:llama":4,"minecraft:husk":8,"minecraft:bat":2,"twilightforest:kobold":1,"iceandfire:ghost":2},"minecraft:killed_by":{"minecraft:vindicator":1,"iceandfire:lightning_dragon":1},"minecraft:used":{"minecraft:shield":71,"minecraft:iron_sword":173,"minecraft:bell":1,"minecraft:stone_bricks":3,"minecraft:written_book":1,"minecraft:furnace":5,"minecraft:egg":2,"epicfight:skillbook":10,"minecraft:stone_pickaxe":131,"minecraft:oak_planks":169,"minecraft:wooden_pickaxe":35,"minecraft:sandstone":10,"minecraft:composter":3,"minecraft:golden_apple":13,"iceandfire:podium_spruce":1,"minecraft:bread":88,"minecraft:lectern":520,"minecraft:andesite":7,"twilightforest:raw_meef":1,"minecraft:oak_boat":7,"minecraft:air":3,"minecraft:golden_pickaxe":74,"twilightforest:canopy_planks":145,"minecraft:oak_trapdoor":4,"twilightforest:ironwood_sword":292,"minecraft:stone_sword":23,"minecraft:acacia_log":58,"minecraft:cooked_salmon":3,"minecraft:cooked_chicken":2,"minecraft:dirt":11,"minecraft:granite":6,"minecraft:wooden_axe":31,"minecraft:iron_axe":1229,"minecraft:beef":7,"minecraft:cooked_beef":32,"minecraft:cooked_mutton":2,"minecraft:water_bucket":110,"minecraft:fletching_table":2,"minecraft:oak_slab":10,"minecraft:crafting_table":20,"twilightforest:canopy_log":75,"minecraft:white_bed":10,"minecraft:oak_log":4,"minecraft:iron_pickaxe":575,"minecraft:stone_axe":114,"minecraft:cobblestone":40,"minecraft:cooked_porkchop":15,"minecraft:bucket":111,"minecraft:yellow_bed":2,"minecraft:stripped_oak_log":2},"minecraft:dropped":{"minecraft:birch_planks":3,"minecraft:porkchop":2,"shiny_gems_and_ores:ruby_shard":6,"minecraft:lapis_lazuli":1,"minecraft:cooked_beef":4,"minecraft:diamond":1,"twilightforest:cooked_meef":5,"minecraft:leather":1,"twilightforest:naga_stone":3,"minecraft:cracked_stone_bricks":4,"minecraft:rail":1,"twilightforest:maze_wafer":20,"minecraft:cod":1,"minecraft:cobblestone_stairs":2,"iceandfire:copper_ingot":7,"minecraft:dirt":6,"twilightforest:firefly":1,"iceandfire:pixie_jar_empty":2,"minecraft:mutton":5,"minecraft:cut_sandstone":1,"twilightforest:nagastone_pillar_mossy":1,"twilightforest:maze_stone_brick":1,"minecraft:white_wool":4,"twilightforest:steeleaf_chestplate":1,"minecraft:bone":22,"twilightforest:twilight_oak_stairs":1,"minecraft:gravel":3,"minecraft:sugar_cane":6,"minecraft:golden_chestplate":1,"minecraft:wheat":2,"minecraft:rotten_flesh":33,"minecraft:oak_planks":21,"iceandfire:crackled_gravel":31,"minecraft:salmon":2,"iceandfire:crackled_cobblestone":4,"morevillagers:woodworking_table":1,"minecraft:iron_bars":13,"minecraft:stone_brick_stairs":2,"minecraft:egg":1,"usefulbackpacks:backpack_medium":1,"minecraft:oak_slab":5,"minecraft:wheat_seeds":15,"minecraft:golden_helmet":2,"twilightforest:steeleaf_helmet":1,"twilightforest:canopy_sapling":40,"minecraft:iron_helmet":1,"minecraft:oak_fence":5,"minecraft:golden_axe":2,"twilightforest:maze_stone_cracked":1,"minecraft:cobblestone":90,"iceandfire:dragon_stick":1,"twilightforest:lich_trophy":2,"minecraft:granite":9,"twilightforest:twilight_oak_sapling":22,"twilightforest:etched_nagastone":2,"twilightforest:canopy_log":9,"minecraft:golden_apple":2,"minecraft:polished_andesite":1,"minecraft:diorite":12,"iceandfire:crackled_dirt":11,"iceandfire:copper_nugget":26,"minecraft:torch":1,"minecraft:cooked_salmon":4,"twilightforest:canopy_planks":130,"twilightforest:mushgloom":1,"minecraft:lily_pad":2,"minecraft:dandelion":2,"minecraft:oak_trapdoor":1,"minecraft:composter":1,"minecraft:chicken":1,"twilightforest:twilight_scepter":1,"iceandfire:armor_copper_metal_helmet":1,"twilightforest:shield_scepter":1,"minecraft:filled_map":2,"minecraft:andesite":16,"minecraft:mossy_stone_bricks":9,"minecraft:golden_sword":1,"minecraft:stone_bricks":9,"iceandfire:crackled_stone":5,"twilightforest:twilight_oak_log":5,"minecraft:black_wool":1,"epicfight:skillbook":2},"minecraft:broken":{"minecraft:iron_boots":1,"minecraft:iron_leggings":1,"minecraft:stone_pickaxe":1,"minecraft:stone_axe":1,"minecraft:wooden_axe":1,"minecraft:shield":1,"minecraft:iron_axe":7,"minecraft:iron_pickaxe":2,"minecraft:golden_pickaxe":1},"minecraft:mined":{"minecraft:stone_pressure_plate":1,"minecraft:white_bed":9,"iceandfire:copper_pile":6,"minecraft:cobblestone_stairs":2,"minecraft:chiseled_red_sandstone":4,"twilightforest:naga_stone":5,"minecraft:granite":14,"minecraft:acacia_log":62,"minecraft:grass_block":11,"iceandfire:lectern":1,"minecraft:composter":3,"twilightforest:nagastone_pillar":2,"minecraft:chiseled_stone_bricks":1,"minecraft:sandstone_stairs":1,"minecraft:spawner":16,"iceandfire:crackled_cobblestone":4,"minecraft:iron_ore":61,"minecraft:fletching_table":2,"iceandfire:crackled_dirt":19,"minecraft:oak_stairs":4,"minecraft:iron_bars":35,"morevillagers:blueprint_table":1,"minecraft:smooth_sandstone_stairs":2,"minecraft:cut_sandstone":21,"minecraft:brown_mushroom":6,"twilightforest:twilight_oak_stairs":1,"shiny_gems_and_ores:sapphire_ore":13,"twilightforest:etched_nagastone_mossy":1,"twilightforest:nagastone_pillar_weathered":2,"iceandfire:fire_lily":3,"minecraft:cobblestone":76,"minecraft:oak_planks":58,"minecraft:sugar_cane":13,"minecraft:smooth_sandstone_slab":5,"twilightforest:nagastone_pillar_mossy":2,"minecraft:white_terracotta":4,"iceandfire:crackled_stone":5,"minecraft:birch_log":4,"minecraft:stone_brick_stairs":2,"twilightforest:twilight_oak_planks":5,"minecraft:grass":49,"minecraft:oak_log":54,"minecraft:sand":14,"minecraft:dirt":10,"minecraft:cut_red_sandstone":2,"twilightforest:canopy_log":75,"minecraft:netherrack":2,"minecraft:oak_leaves":2,"minecraft:diamond_ore":8,"minecraft:oak_door":1,"iceandfire:crackled_gravel":42,"minecraft:purple_terracotta":1,"morevillagers:gardening_table":2,"minecraft:birch_slab":2,"minecraft:kelp":1,"minecraft:sandstone":23,"morevillagers:woodworking_table":2,"twilightforest:mushgloom":1,"minecraft:hay_block":26,"twilightforest:etched_nagastone":2,"minecraft:redstone_ore":5,"minecraft:furnace":4,"iceandfire:copper_ore":1,"minecraft:chiseled_sandstone":2,"minecraft:andesite":30,"twilightforest:canopy_planks":24,"twilightforest:twilight_oak_leaves":3,"minecraft:bell":1,"minecraft:bookshelf":8,"minecraft:vine":5,"minecraft:stripped_oak_log":70,"minecraft:stone":233,"iceandfire:podium_spruce":1,"minecraft:white_wool":36,"shiny_gems_and_ores:ruby_ore":7,"twilightforest:etched_nagastone_weathered":1,"iceandfire:pixie_jar_empty":1,"minecraft:oak_slab":6,"minecraft:glass_pane":2,"twilightforest:hedge":2,"minecraft:stone_brick_slab":5,"minecraft:dandelion":1,"minecraft:oak_fence":6,"minecraft:smooth_sandstone":20,"minecraft:crafting_table":11,"minecraft:cornflower":1,"minecraft:lectern":520,"minecraft:tall_grass":23,"iceandfire:amythest_ore":3,"minecraft:lapis_ore":3,"minecraft:lily_pad":2,"minecraft:diorite":24,"minecraft:air":3,"minecraft:birch_planks":5,"minecraft:coarse_dirt":1,"minecraft:cobblestone_wall":2,"minecraft:yellow_bed":2,"minecraft:grass_path":1,"minecraft:coal_ore":27,"iceandfire:silver_pile":3,"minecraft:gravel":7,"minecraft:cobweb":131,"minecraft:cracked_stone_bricks":7,"minecraft:stone_bricks":13,"minecraft:mossy_stone_bricks":9,"minecraft:gold_ore":8,"minecraft:fern":3},"minecraft:picked_up":{"twilightforest:lich_trophy":4,"minecraft:iron_chestplate":1,"minecraft:wheat":2,"twilightforest:maze_stone_chiseled":5,"twilightforest:naga_trophy":1,"minecraft:oak_stairs":1,"minecraft:stone_brick_stairs":2,"minecraft:golden_sword":2,"twilightforest:shield_scepter":2,"minecraft:string":209,"minecraft:cooked_salmon":3,"minecraft:iron_leggings":2,"minecraft:written_book":1,"minecraft:iron_pickaxe":2,"minecraft:furnace":4,"minecraft:iron_boots":1,"minecraft:golden_helmet":4,"minecraft:stick":29,"iceandfire:crackled_dirt":11,"twilightforest:maze_stone_cracked":3,"minecraft:composter":4,"minecraft:oak_fence":16,"minecraft:torch":1,"minecraft:acacia_log":62,"epicfight:skillbook":4,"minecraft:porkchop":5,"minecraft:golden_axe":2,"iceandfire:crackled_gravel":31,"minecraft:diorite":17,"twilightforest:nagastone_pillar_mossy":1,"minecraft:golden_chestplate":2,"twilightforest:twilight_oak_stairs":1,"minecraft:rotten_flesh":54,"minecraft:white_terracotta":4,"minecraft:iron_bars":39,"minecraft:cod":1,"minecraft:cobblestone":265,"minecraft:birch_log":4,"minecraft:feather":4,"minecraft:lilac":1,"twilightforest:twilight_oak_log":5,"minecraft:birch_slab":2,"minecraft:andesite":25,"minecraft:brown_wool":1,"minecraft:golden_leggings":1,"minecraft:flint":3,"minecraft:smooth_sandstone_stairs":2,"minecraft:lapis_lazuli":23,"minecraft:dirt":24,"twilightforest:canopy_sapling":40,"minecraft:bone":42,"minecraft:bow":2,"minecraft:wheat_seeds":17,"minecraft:bell":1,"minecraft:mossy_stone_bricks":10,"minecraft:fletching_table":2,"minecraft:glowstone_dust":1,"minecraft:oak_planks":46,"twilightforest:mushgloom":1,"iceandfire:podium_spruce":1,"twilightforest:maze_stone_mosaic":22,"minecraft:oak_pressure_plate":1,"iceandfire:dragon_skull_fire":2,"minecraft:sand":8,"twilightforest:canopy_log":76,"iceandfire:stymphalian_bird_feather":12,"minecraft:chiseled_sandstone":1,"minecraft:polished_andesite":1,"twilightforest:twilight_scepter":1,"twilightforest:charm_of_keeping_1":1,"twilightforest:canopy_planks":21,"twilightforest:twilight_oak_sapling":22,"minecraft:diamond":8,"iceandfire:crackled_stone":5,"minecraft:writable_book":1,"minecraft:granite":15,"minecraft:golden_apple":1,"minecraft:emerald":9,"minecraft:bread":49,"minecraft:chiseled_red_sandstone":2,"minecraft:oak_sapling":1,"minecraft:netherrack":1,"morevillagers:blueprint_table":1,"iceandfire:silver_nugget":10,"twilightforest:torchberries":1,"twilightforest:minotaur_axe_gold":1,"iceandfire:copper_ingot":7,"iceandfire:dragon_skull_lightning":1,"minecraft:crafting_table":10,"iceandfire:witherbone":2,"minecraft:chicken":1,"iceandfire:fire_lily":3,"minecraft:brown_mushroom":8,"morevillagers:woodworking_table":2,"minecraft:iron_axe":2,"iceandfire:amythest_gem":3,"morevillagers:gardening_table":2,"minecraft:cracked_stone_bricks":4,"minecraft:beef":17,"shiny_gems_and_ores:sapphire":13,"minecraft:oak_boat":7,"twilightforest:naga_scale":9,"minecraft:lectern":519,"twilightforest:naga_stone":3,"minecraft:sugar_cane":23,"minecraft:chest":1,"minecraft:egg":4,"minecraft:sandstone":19,"iceandfire:dragonbone":41,"iceandfire:troll_tusk":1,"minecraft:oak_door":1,"twilightforest:zombie_scepter":1,"minecraft:redstone":22,"twilightforest:firefly":1,"twilightforest:raw_meef":15,"minecraft:purple_terracotta":1,"minecraft:smooth_sandstone_slab":4,"minecraft:arrow":16,"twilightforest:etched_nagastone":2,"minecraft:hay_block":25,"minecraft:sandstone_stairs":1,"minecraft:mutton":15,"minecraft:rail":4,"minecraft:white_wool":31,"minecraft:stripped_oak_log":70,"minecraft:salmon":3,"twilightforest:maze_stone_brick":7,"minecraft:cut_sandstone":21,"minecraft:leather":14,"minecraft:red_mushroom":1,"minecraft:filled_map":1,"minecraft:birch_planks":3,"minecraft:oak_log":65,"minecraft:lily_pad":2,"minecraft:golden_boots":2,"minecraft:yellow_bed":2,"minecraft:cobblestone_wall":1,"minecraft:gunpowder":4,"minecraft:cobblestone_stairs":2,"minecraft:paper":5,"minecraft:smooth_sandstone":15,"minecraft:stone_bricks":12,"iceandfire:pixie_jar_empty":2,"minecraft:kelp":1,"iceandfire:dragon_stick":1,"minecraft:iron_ingot":6,"minecraft:cooked_chicken":2,"minecraft:iron_ore":61,"minecraft:acacia_sapling":10,"iceandfire:crackled_cobblestone":4,"minecraft:book":24,"minecraft:oak_slab":9,"iceandfire:copper_nugget":40,"shiny_gems_and_ores:ruby_shard":21,"minecraft:dandelion":3,"minecraft:gravel":3,"minecraft:white_bed":10,"minecraft:gold_ore":8,"minecraft:spider_eye":23,"usefulbackpacks:backpack_large":1,"minecraft:cut_red_sandstone":1,"minecraft:slime_ball":20,"twilightforest:maze_map_focus":2,"twilightforest:raven_feather":2,"minecraft:iron_helmet":1,"minecraft:painting":3,"minecraft:black_wool":1,"twilightforest:maze_stone_decorative":1,"minecraft:coal":38,"minecraft:ender_pearl":8},"minecraft:crafted":{"minecraft:oak_planks":532,"usefulbackpacks:backpack_small":1,"minecraft:bookshelf":1,"minecraft:cooked_mutton":4,"twilightforest:magic_map_focus":1,"minecraft:oak_slab":18,"minecraft:emerald":32,"minecraft:cooked_porkchop":3,"minecraft:crafting_table":14,"minecraft:wooden_pickaxe":1,"minecraft:fletching_table":1,"minecraft:birch_planks":16,"minecraft:lectern":1,"minecraft:paper":3,"minecraft:shield":2,"minecraft:stick":836,"minecraft:iron_ingot":3,"minecraft:iron_pickaxe":1,"minecraft:stone_sword":1,"minecraft:gold_ingot":12,"twilightforest:cooked_meef":10,"iceandfire:dragon_stick":1,"minecraft:furnace":3,"minecraft:oak_trapdoor":6,"minecraft:iron_axe":5,"minecraft:stone_pickaxe":1,"twilightforest:canopy_planks":268,"usefulbackpacks:backpack_medium":2,"minecraft:wheat":108,"minecraft:cooked_beef":48,"minecraft:bucket":1,"minecraft:stone_axe":1,"minecraft:enchanted_book":4,"minecraft:bread":36,"minecraft:air":0,"minecraft:blue_dye":1,"minecraft:oak_boat":3,"minecraft:white_wool":12,"minecraft:golden_apple":2,"minecraft:wooden_axe":1,"twilightforest:magic_map_empty":1,"minecraft:white_bed":1,"minecraft:acacia_planks":248},"minecraft:custom":{"lootr:looted_stat":81,"minecraft:interact_with_crafting_table":49,"goblintraders:trade_with_goblin":11,"minecraft:bell_ring":8,"minecraft:leave_game":6,"minecraft:time_since_death":8221,"minecraft:sprint_one_cm":1349242,"minecraft:damage_blocked_by_shield":1733,"minecraft:drop":156,"minecraft:talked_to_villager":728,"minecraft:deaths":2,"minecraft:jump":6440,"minecraft:walk_on_water_one_cm":77519,"minecraft:interact_with_furnace":59,"minecraft:traded_with_villager":29,"minecraft:play_one_minute":494223,"minecraft:sleep_in_bed":14,"minecraft:waystone_activated":5,"minecraft:damage_dealt":54959,"minecraft:crouch_one_cm":23489,"minecraft:mob_kills":268,"minecraft:climb_one_cm":2389,"minecraft:walk_one_cm":947549,"minecraft:sneak_time":13558,"minecraft:walk_under_water_one_cm":84185,"minecraft:boat_one_cm":272342,"minecraft:interact_with_blast_furnace":1,"minecraft:time_since_rest":5711,"minecraft:damage_taken":7938,"minecraft:damage_absorbed":351,"minecraft:trigger_trapped_chest":2,"minecraft:swim_one_cm":124348,"minecraft:fly_one_cm":1476076,"minecraft:open_chest":5,"minecraft:fall_one_cm":165127}},"DataVersion":2586}