{"stats":{"minecraft:killed":{"twilightforest:hostile_wolf":2,"minecraft:cave_spider":37,"minecraft:spider":20,"twilightforest:maze_slime":21,"iceandfire:stymphalian_bird":3,"minecraft:skeleton":16,"twilightforest:lich":4,"twilightforest:pinch_beetle":6,"minecraft:chicken":2,"twilightforest:minotaur":21,"twilightforest:slime_beetle":7,"minecraft:pig":1,"twilightforest:raven":1,"minecraft:creeper":9,"iceandfire:cockatrice":1,"minecraft:sheep":9,"minecraft:zombie":40,"minecraft:cow":10,"twilightforest:fire_beetle":5,"minecraft:horse":4,"twilightforest:naga":1,"twilightforest:swarm_spider":1,"twilightforest:loyal_zombie":1,"minecraft:llama":4,"minecraft:husk":8,"minecraft:bat":2,"twilightforest:kobold":1},"minecraft:broken":{"minecraft:iron_leggings":1,"minecraft:stone_pickaxe":1,"minecraft:stone_axe":1,"minecraft:wooden_axe":1,"minecraft:shield":1,"minecraft:iron_axe":6,"minecraft:iron_pickaxe":2,"minecraft:golden_pickaxe":1},"minecraft:dropped":{"minecraft:birch_planks":3,"minecraft:porkchop":2,"shiny_gems_and_ores:ruby_shard":6,"minecraft:lapis_lazuli":1,"minecraft:cooked_beef":4,"minecraft:diamond":1,"twilightforest:cooked_meef":5,"minecraft:leather":1,"twilightforest:naga_stone":3,"minecraft:cracked_stone_bricks":4,"minecraft:rail":1,"twilightforest:maze_wafer":20,"minecraft:cod":1,"minecraft:cobblestone_stairs":2,"iceandfire:copper_ingot":7,"minecraft:dirt":6,"twilightforest:firefly":1,"iceandfire:pixie_jar_empty":2,"minecraft:mutton":5,"minecraft:cut_sandstone":1,"twilightforest:nagastone_pillar_mossy":1,"twilightforest:maze_stone_brick":1,"minecraft:white_wool":4,"minecraft:bone":22,"twilightforest:twilight_oak_stairs":1,"minecraft:sugar_cane":6,"minecraft:golden_chestplate":1,"minecraft:wheat":2,"minecraft:rotten_flesh":33,"minecraft:oak_planks":21,"iceandfire:crackled_gravel":31,"minecraft:salmon":2,"iceandfire:crackled_cobblestone":4,"morevillagers:woodworking_table":1,"minecraft:iron_bars":13,"minecraft:stone_brick_stairs":2,"usefulbackpacks:backpack_medium":1,"minecraft:oak_slab":5,"minecraft:wheat_seeds":12,"minecraft:golden_helmet":2,"twilightforest:canopy_sapling":40,"minecraft:iron_helmet":1,"minecraft:oak_fence":5,"minecraft:golden_axe":2,"twilightforest:maze_stone_cracked":1,"minecraft:cobblestone":26,"iceandfire:dragon_stick":1,"twilightforest:lich_trophy":2,"minecraft:granite":7,"twilightforest:twilight_oak_sapling":22,"twilightforest:etched_nagastone":2,"twilightforest:canopy_log":9,"minecraft:golden_apple":2,"minecraft:polished_andesite":1,"iceandfire:crackled_dirt":11,"iceandfire:copper_nugget":26,"minecraft:torch":1,"minecraft:cooked_salmon":4,"twilightforest:canopy_planks":130,"twilightforest:mushgloom":1,"minecraft:lily_pad":2,"minecraft:dandelion":2,"minecraft:oak_trapdoor":1,"minecraft:composter":1,"minecraft:chicken":1,"twilightforest:twilight_scepter":1,"iceandfire:armor_copper_metal_helmet":1,"twilightforest:shield_scepter":1,"minecraft:filled_map":2,"minecraft:andesite":6,"minecraft:mossy_stone_bricks":9,"minecraft:golden_sword":1,"minecraft:stone_bricks":9,"iceandfire:crackled_stone":4,"twilightforest:twilight_oak_log":5,"minecraft:black_wool":1,"epicfight:skillbook":2},"minecraft:mined":{"minecraft:stone_pressure_plate":1,"minecraft:white_bed":9,"iceandfire:copper_pile":6,"minecraft:cobblestone_stairs":2,"minecraft:chiseled_red_sandstone":4,"twilightforest:naga_stone":5,"minecraft:granite":14,"minecraft:acacia_log":58,"minecraft:grass_block":9,"iceandfire:lectern":1,"minecraft:composter":3,"twilightforest:nagastone_pillar":2,"minecraft:sandstone_stairs":1,"minecraft:spawner":16,"iceandfire:crackled_cobblestone":4,"minecraft:iron_ore":56,"minecraft:fletching_table":2,"iceandfire:crackled_dirt":19,"minecraft:oak_stairs":4,"minecraft:iron_bars":34,"morevillagers:blueprint_table":1,"minecraft:smooth_sandstone_stairs":2,"minecraft:cut_sandstone":21,"minecraft:brown_mushroom":6,"twilightforest:twilight_oak_stairs":1,"shiny_gems_and_ores:sapphire_ore":13,"twilightforest:etched_nagastone_mossy":1,"twilightforest:nagastone_pillar_weathered":2,"minecraft:cobblestone":75,"minecraft:oak_planks":50,"minecraft:sugar_cane":13,"minecraft:smooth_sandstone_slab":5,"twilightforest:nagastone_pillar_mossy":2,"minecraft:white_terracotta":4,"iceandfire:crackled_stone":5,"minecraft:birch_log":4,"minecraft:stone_brick_stairs":2,"twilightforest:twilight_oak_planks":5,"minecraft:grass":43,"minecraft:oak_log":46,"minecraft:sand":14,"minecraft:dirt":10,"minecraft:cut_red_sandstone":2,"twilightforest:canopy_log":75,"minecraft:netherrack":2,"minecraft:oak_leaves":1,"minecraft:diamond_ore":8,"minecraft:oak_door":1,"iceandfire:crackled_gravel":42,"minecraft:purple_terracotta":1,"morevillagers:gardening_table":2,"minecraft:birch_slab":2,"minecraft:sandstone":23,"morevillagers:woodworking_table":2,"twilightforest:mushgloom":1,"minecraft:hay_block":26,"twilightforest:etched_nagastone":2,"minecraft:redstone_ore":5,"minecraft:furnace":4,"iceandfire:copper_ore":1,"minecraft:chiseled_sandstone":2,"minecraft:andesite":30,"twilightforest:canopy_planks":21,"twilightforest:twilight_oak_leaves":3,"minecraft:bell":1,"minecraft:bookshelf":8,"minecraft:vine":4,"minecraft:stripped_oak_log":70,"minecraft:stone":231,"iceandfire:podium_spruce":1,"minecraft:white_wool":36,"shiny_gems_and_ores:ruby_ore":7,"twilightforest:etched_nagastone_weathered":1,"iceandfire:pixie_jar_empty":1,"minecraft:oak_slab":5,"minecraft:glass_pane":2,"twilightforest:hedge":2,"minecraft:stone_brick_slab":5,"minecraft:dandelion":1,"minecraft:oak_fence":6,"minecraft:smooth_sandstone":20,"minecraft:crafting_table":9,"minecraft:cornflower":1,"minecraft:lectern":519,"minecraft:tall_grass":21,"iceandfire:amythest_ore":3,"minecraft:lapis_ore":3,"minecraft:lily_pad":2,"minecraft:diorite":24,"minecraft:air":3,"minecraft:birch_planks":5,"minecraft:cobblestone_wall":2,"minecraft:yellow_bed":2,"minecraft:grass_path":1,"minecraft:coal_ore":27,"iceandfire:silver_pile":3,"minecraft:gravel":7,"minecraft:cobweb":131,"minecraft:cracked_stone_bricks":7,"minecraft:stone_bricks":13,"minecraft:mossy_stone_bricks":9,"minecraft:gold_ore":8,"minecraft:fern":3},"minecraft:crafted":{"minecraft:oak_planks":500,"usefulbackpacks:backpack_small":1,"minecraft:bookshelf":1,"minecraft:cooked_mutton":4,"twilightforest:magic_map_focus":1,"minecraft:oak_slab":18,"minecraft:emerald":32,"minecraft:cooked_porkchop":3,"minecraft:crafting_table":11,"minecraft:wooden_pickaxe":1,"minecraft:fletching_table":1,"minecraft:birch_planks":16,"minecraft:lectern":1,"minecraft:paper":3,"minecraft:shield":1,"minecraft:stick":836,"minecraft:iron_ingot":3,"minecraft:iron_pickaxe":1,"minecraft:stone_sword":1,"minecraft:gold_ingot":12,"twilightforest:cooked_meef":10,"iceandfire:dragon_stick":1,"minecraft:furnace":3,"minecraft:oak_trapdoor":6,"minecraft:iron_axe":5,"minecraft:stone_pickaxe":1,"twilightforest:canopy_planks":268,"usefulbackpacks:backpack_medium":2,"minecraft:wheat":108,"minecraft:cooked_beef":48,"minecraft:bucket":1,"minecraft:stone_axe":1,"minecraft:enchanted_book":4,"minecraft:bread":36,"minecraft:air":0,"minecraft:blue_dye":1,"minecraft:oak_boat":2,"minecraft:white_wool":12,"minecraft:golden_apple":2,"minecraft:wooden_axe":1,"twilightforest:magic_map_empty":1,"minecraft:acacia_planks":232},"minecraft:picked_up":{"twilightforest:lich_trophy":4,"minecraft:iron_chestplate":1,"minecraft:wheat":2,"twilightforest:maze_stone_chiseled":5,"twilightforest:naga_trophy":1,"minecraft:oak_stairs":1,"minecraft:stone_brick_stairs":2,"minecraft:golden_sword":2,"twilightforest:shield_scepter":2,"minecraft:string":209,"minecraft:cooked_salmon":3,"minecraft:iron_leggings":2,"minecraft:written_book":1,"minecraft:iron_pickaxe":2,"minecraft:furnace":4,"minecraft:iron_boots":1,"minecraft:golden_helmet":4,"minecraft:stick":28,"iceandfire:crackled_dirt":11,"twilightforest:maze_stone_cracked":3,"minecraft:composter":4,"minecraft:oak_fence":16,"minecraft:torch":1,"minecraft:acacia_log":58,"epicfight:skillbook":4,"minecraft:porkchop":5,"minecraft:golden_axe":2,"iceandfire:crackled_gravel":31,"minecraft:diorite":17,"twilightforest:nagastone_pillar_mossy":1,"minecraft:golden_chestplate":2,"twilightforest:twilight_oak_stairs":1,"minecraft:rotten_flesh":52,"minecraft:white_terracotta":4,"minecraft:iron_bars":38,"minecraft:cobblestone":262,"minecraft:birch_log":4,"minecraft:feather":4,"minecraft:lilac":1,"twilightforest:twilight_oak_log":5,"minecraft:birch_slab":2,"minecraft:andesite":25,"minecraft:brown_wool":1,"minecraft:golden_leggings":1,"minecraft:flint":3,"minecraft:smooth_sandstone_stairs":2,"minecraft:lapis_lazuli":23,"minecraft:dirt":23,"twilightforest:canopy_sapling":40,"minecraft:bone":35,"minecraft:bow":1,"minecraft:wheat_seeds":14,"minecraft:bell":1,"minecraft:mossy_stone_bricks":10,"minecraft:fletching_table":2,"minecraft:glowstone_dust":1,"minecraft:oak_planks":42,"twilightforest:mushgloom":1,"iceandfire:podium_spruce":1,"twilightforest:maze_stone_mosaic":22,"minecraft:oak_pressure_plate":1,"iceandfire:dragon_skull_fire":2,"minecraft:sand":8,"twilightforest:canopy_log":76,"iceandfire:stymphalian_bird_feather":12,"minecraft:chiseled_sandstone":1,"minecraft:polished_andesite":1,"twilightforest:twilight_scepter":1,"twilightforest:charm_of_keeping_1":1,"twilightforest:canopy_planks":21,"twilightforest:twilight_oak_sapling":22,"minecraft:diamond":8,"iceandfire:crackled_stone":5,"minecraft:writable_book":1,"minecraft:granite":15,"minecraft:golden_apple":1,"minecraft:emerald":8,"minecraft:bread":49,"minecraft:chiseled_red_sandstone":2,"minecraft:netherrack":1,"morevillagers:blueprint_table":1,"iceandfire:silver_nugget":10,"twilightforest:torchberries":1,"twilightforest:minotaur_axe_gold":1,"iceandfire:copper_ingot":7,"iceandfire:dragon_skull_lightning":1,"minecraft:crafting_table":8,"iceandfire:witherbone":2,"minecraft:chicken":1,"minecraft:brown_mushroom":8,"morevillagers:woodworking_table":2,"minecraft:iron_axe":2,"iceandfire:amythest_gem":3,"morevillagers:gardening_table":2,"minecraft:cracked_stone_bricks":4,"minecraft:beef":17,"shiny_gems_and_ores:sapphire":13,"minecraft:oak_boat":3,"twilightforest:naga_scale":9,"minecraft:lectern":519,"twilightforest:naga_stone":3,"minecraft:sugar_cane":23,"minecraft:chest":1,"minecraft:egg":3,"minecraft:sandstone":19,"iceandfire:dragonbone":41,"iceandfire:troll_tusk":1,"minecraft:oak_door":1,"twilightforest:zombie_scepter":1,"minecraft:redstone":22,"twilightforest:firefly":1,"twilightforest:raw_meef":15,"minecraft:purple_terracotta":1,"minecraft:smooth_sandstone_slab":4,"minecraft:arrow":15,"twilightforest:etched_nagastone":2,"minecraft:hay_block":25,"minecraft:sandstone_stairs":1,"minecraft:mutton":15,"minecraft:rail":4,"minecraft:white_wool":31,"minecraft:stripped_oak_log":70,"minecraft:salmon":3,"twilightforest:maze_stone_brick":7,"minecraft:cut_sandstone":21,"minecraft:leather":14,"minecraft:red_mushroom":1,"minecraft:filled_map":1,"minecraft:birch_planks":3,"minecraft:oak_log":57,"minecraft:lily_pad":2,"minecraft:golden_boots":2,"minecraft:yellow_bed":2,"minecraft:cobblestone_wall":1,"minecraft:gunpowder":4,"minecraft:cobblestone_stairs":2,"minecraft:paper":5,"minecraft:smooth_sandstone":15,"minecraft:stone_bricks":12,"iceandfire:pixie_jar_empty":2,"iceandfire:dragon_stick":1,"minecraft:iron_ingot":6,"minecraft:cooked_chicken":2,"minecraft:iron_ore":56,"minecraft:acacia_sapling":10,"iceandfire:crackled_cobblestone":4,"minecraft:book":24,"minecraft:oak_slab":8,"iceandfire:copper_nugget":40,"shiny_gems_and_ores:ruby_shard":21,"minecraft:dandelion":3,"minecraft:gravel":3,"minecraft:white_bed":10,"minecraft:gold_ore":8,"minecraft:spider_eye":23,"usefulbackpacks:backpack_large":1,"minecraft:cut_red_sandstone":1,"minecraft:slime_ball":20,"twilightforest:maze_map_focus":2,"twilightforest:raven_feather":2,"minecraft:iron_helmet":1,"minecraft:painting":3,"minecraft:black_wool":1,"twilightforest:maze_stone_decorative":1,"minecraft:coal":38,"minecraft:ender_pearl":8},"minecraft:custom":{"lootr:looted_stat":76,"minecraft:interact_with_crafting_table":45,"goblintraders:trade_with_goblin":11,"minecraft:bell_ring":8,"minecraft:leave_game":4,"minecraft:time_since_death":445677,"minecraft:sprint_one_cm":1203135,"minecraft:damage_blocked_by_shield":1503,"minecraft:drop":145,"minecraft:talked_to_villager":724,"minecraft:jump":5396,"minecraft:walk_on_water_one_cm":66052,"minecraft:interact_with_furnace":59,"minecraft:traded_with_villager":29,"minecraft:play_one_minute":445677,"minecraft:sleep_in_bed":13,"minecraft:waystone_activated":4,"minecraft:damage_dealt":46548,"minecraft:crouch_one_cm":22782,"minecraft:mob_kills":233,"minecraft:climb_one_cm":2389,"minecraft:walk_one_cm":867161,"minecraft:sneak_time":13059,"minecraft:walk_under_water_one_cm":73423,"minecraft:boat_one_cm":130642,"minecraft:interact_with_blast_furnace":1,"minecraft:time_since_rest":8403,"minecraft:damage_taken":7047,"minecraft:damage_absorbed":325,"minecraft:swim_one_cm":77162,"minecraft:fly_one_cm":1190836,"minecraft:open_chest":5,"minecraft:fall_one_cm":138088},"minecraft:used":{"minecraft:shield":65,"minecraft:iron_sword":173,"minecraft:bell":1,"minecraft:stone_bricks":3,"minecraft:written_book":1,"minecraft:furnace":5,"minecraft:egg":2,"epicfight:skillbook":10,"minecraft:stone_pickaxe":131,"minecraft:oak_planks":132,"minecraft:wooden_pickaxe":35,"minecraft:sandstone":10,"minecraft:composter":3,"minecraft:golden_apple":12,"iceandfire:podium_spruce":1,"minecraft:bread":88,"minecraft:lectern":520,"minecraft:andesite":7,"twilightforest:raw_meef":1,"minecraft:oak_boat":3,"minecraft:air":3,"minecraft:golden_pickaxe":74,"twilightforest:canopy_planks":145,"minecraft:oak_trapdoor":4,"twilightforest:ironwood_sword":292,"minecraft:stone_sword":23,"minecraft:acacia_log":58,"minecraft:cooked_salmon":3,"minecraft:cooked_chicken":2,"minecraft:dirt":11,"minecraft:granite":6,"minecraft:wooden_axe":31,"minecraft:iron_axe":1095,"minecraft:beef":7,"minecraft:cooked_beef":25,"minecraft:cooked_mutton":2,"minecraft:water_bucket":108,"minecraft:fletching_table":2,"minecraft:oak_slab":10,"minecraft:crafting_table":17,"twilightforest:canopy_log":75,"minecraft:white_bed":10,"minecraft:oak_log":4,"minecraft:iron_pickaxe":563,"minecraft:stone_axe":114,"minecraft:cobblestone":40,"minecraft:cooked_porkchop":15,"minecraft:bucket":109,"minecraft:yellow_bed":2,"minecraft:stripped_oak_log":2}},"DataVersion":2586}