{"stats":{"minecraft:custom":{"minecraft:time_since_rest":418,"minecraft:sprint_one_cm":21376,"minecraft:walk_one_cm":31501,"minecraft:mob_kills":12,"minecraft:damage_dealt":1000,"minecraft:interact_with_crafting_table":4,"minecraft:fly_one_cm":29949,"minecraft:crouch_one_cm":625,"minecraft:play_one_minute":21895,"minecraft:sneak_time":259,"minecraft:walk_under_water_one_cm":82,"minecraft:boat_one_cm":17488,"minecraft:jump":193,"minecraft:leave_game":3,"minecraft:time_since_death":21895,"minecraft:walk_on_water_one_cm":1479,"minecraft:sleep_in_bed":2,"minecraft:fall_one_cm":5608},"minecraft:crafted":{"minecraft:crafting_table":1,"minecraft:stick":8,"comforts:sleeping_bag_white":1,"minecraft:birch_boat":1,"minecraft:wooden_pickaxe":1,"minecraft:stone_pickaxe":1,"minecraft:birch_planks":20,"minecraft:stone_axe":1},"minecraft:picked_up":{"minecraft:birch_log":10,"minecraft:stick":11,"minecraft:crafting_table":2,"minecraft:chicken":1,"minecraft:leather":2,"minecraft:porkchop":6,"minecraft:oak_log":33,"minecraft:dirt":2,"minecraft:apple":2,"comforts:sleeping_bag_white":2,"minecraft:beef":6,"minecraft:oak_sapling":25,"minecraft:mutton":9,"minecraft:birch_sapling":3,"minecraft:coal":14,"minecraft:white_wool":7,"minecraft:cobblestone":9},"minecraft:used":{"minecraft:apple":2,"minecraft:stone_pickaxe":14,"minecraft:birch_boat":1,"minecraft:wooden_pickaxe":9,"minecraft:stone_axe":59,"minecraft:crafting_table":2,"comforts:sleeping_bag_white":2},"minecraft:killed":{"minecraft:sheep":7,"minecraft:pig":2,"minecraft:chicken":1,"minecraft:cow":2},"minecraft:mined":{"minecraft:birch_log":10,"minecraft:birch_leaves":2,"minecraft:crafting_table":2,"minecraft:grass":1,"minecraft:grass_block":1,"minecraft:coal_ore":14,"minecraft:oak_log":33,"minecraft:dirt":1,"minecraft:stone":9,"minecraft:oak_leaves":11}},"DataVersion":2586}