{"stats":{"minecraft:broken":{"minecraft:stone_axe":1},"minecraft:picked_up":{"minecraft:stick":28,"minecraft:crafting_table":4,"minecraft:feather":4,"minecraft:chicken":4,"minecraft:brown_wool":1,"minecraft:leather":4,"minecraft:oak_log":102,"minecraft:ink_sac":5,"minecraft:dirt":13,"minecraft:bone":4,"minecraft:arrow":3,"minecraft:bow":1,"comforts:sleeping_bag_black":2,"minecraft:wheat_seeds":1,"minecraft:beef":8,"minecraft:light_gray_wool":1,"minecraft:oak_sapling":50,"minecraft:snowball":21,"minecraft:black_wool":2,"minecraft:birch_sapling":8,"minecraft:mutton":16,"minecraft:egg":2,"minecraft:white_wool":5,"minecraft:cobblestone":14,"minecraft:birch_log":7},"minecraft:crafted":{"minecraft:black_dye":1,"minecraft:oak_planks":20,"minecraft:stone_shovel":1,"minecraft:crafting_table":1,"minecraft:stick":8,"minecraft:wooden_pickaxe":1,"minecraft:stone_pickaxe":1,"minecraft:black_wool":1,"comforts:sleeping_bag_black":1,"minecraft:stone_axe":2},"minecraft:custom":{"minecraft:time_since_rest":1820,"minecraft:sprint_one_cm":28268,"minecraft:damage_taken":300,"minecraft:walk_one_cm":58156,"minecraft:mob_kills":20,"minecraft:damage_dealt":1780,"minecraft:swim_one_cm":15493,"minecraft:interact_with_crafting_table":5,"minecraft:fly_one_cm":61420,"minecraft:play_one_minute":24595,"minecraft:sneak_time":39,"minecraft:walk_under_water_one_cm":1404,"minecraft:jump":308,"minecraft:walk_on_water_one_cm":3819,"minecraft:leave_game":1,"minecraft:time_since_death":24595,"minecraft:sleep_in_bed":2,"minecraft:fall_one_cm":6551},"minecraft:used":{"minecraft:oak_log":62,"minecraft:stone_shovel":21,"minecraft:chicken":4,"comforts:sleeping_bag_black":2,"minecraft:stone_pickaxe":31,"minecraft:birch_sapling":4,"minecraft:wooden_pickaxe":14,"minecraft:stone_axe":23,"minecraft:mutton":7,"minecraft:crafting_table":5,"minecraft:oak_sapling":11,"minecraft:birch_log":7,"minecraft:air":35},"minecraft:mined":{"minecraft:birch_sapling":4,"minecraft:air":35,"minecraft:oak_sapling":11,"minecraft:birch_log":7,"minecraft:snow":21,"minecraft:crafting_table":4,"minecraft:grass":1,"minecraft:grass_block":2,"minecraft:oak_log":67,"minecraft:dirt":11,"minecraft:tall_grass":1,"minecraft:stone":14},"minecraft:killed":{"minecraft:sheep":9,"minecraft:chicken":4,"minecraft:squid":1,"minecraft:skeleton":2,"minecraft:cow":4}},"DataVersion":2586}