{"stats":{"minecraft:dropped":{"minecraft:iron_sword":4,"minecraft:porkchop":3,"shiny_gems_and_ores:ruby_shard":6,"minecraft:orange_dye":1,"minecraft:diamond":1,"minecraft:sandstone_stairs":1,"minecraft:crossbow":1,"twilightforest:naga_stone":2,"minecraft:cracked_stone_bricks":2,"iceandfire:gorgon_head":8,"minecraft:rail":1,"minecraft:red_mushroom":10,"minecraft:emerald":8,"minecraft:cobblestone_stairs":1,"minecraft:dirt":41,"twilightforest:firefly":1,"minecraft:mutton":2,"minecraft:cut_sandstone":4,"iceandfire:chared_gravel":4,"twilightforest:maze_stone_chiseled":2,"minecraft:sand":1,"minecraft:iron_pickaxe":4,"twilightforest:maze_stone_brick":1,"minecraft:bone":2,"twilightforest:nagastone_pillar_weathered":1,"usefulbackpacks:backpack_large":1,"minecraft:stone_axe":1,"minecraft:iron_nugget":7,"minecraft:smooth_sandstone_stairs":2,"minecraft:wheat":4,"minecraft:rotten_flesh":42,"minecraft:oak_planks":5,"minecraft:glowstone_dust":1,"minecraft:white_bed":2,"twilightforest:torchberries":1,"minecraft:poppy":1,"iceandfire:bestiary":1,"minecraft:acacia_sapling":4,"minecraft:chest":6,"minecraft:painting":3,"minecraft:iron_bars":12,"minecraft:iron_ore":1,"minecraft:arrow":9,"minecraft:prismarine_bricks":1,"twilightforest:nagastone_pillar":1,"minecraft:egg":5,"minecraft:iron_ingot":3,"minecraft:bread":73,"minecraft:wheat_seeds":21,"minecraft:golden_helmet":1,"twilightforest:firefly_jar":1,"minecraft:lilac":1,"twilightforest:canopy_sapling":30,"minecraft:minecart":1,"minecraft:iron_helmet":3,"minecraft:golden_axe":2,"minecraft:oak_fence":6,"twilightforest:maze_stone_cracked":1,"minecraft:cobblestone":52,"iceandfire:dragon_stick":1,"twilightforest:lich_trophy":1,"minecraft:granite":7,"twilightforest:twilight_oak_sapling":17,"twilightforest:naga_chestplate":1,"twilightforest:etched_nagastone":6,"minecraft:grass_block":1,"twilightforest:canopy_log":8,"minecraft:golden_apple":2,"minecraft:stick":11,"minecraft:polished_andesite":2,"minecraft:jungle_slab":1,"minecraft:gray_wool":1,"minecraft:diorite":6,"iceandfire:crackled_dirt":1,"iceandfire:copper_nugget":18,"minecraft:cooked_salmon":3,"minecraft:iron_leggings":2,"twilightforest:canopy_planks":1,"minecraft:golden_hoe":1,"minecraft:iron_axe":6,"minecraft:red_dye":1,"twilightforest:mushgloom":1,"minecraft:paper":1,"minecraft:string":3,"iceandfire:dragonbone":14,"iceandfire:dragon_skull_fire":1,"minecraft:spruce_sapling":8,"minecraft:dandelion":2,"minecraft:stone_brick_slab":1,"twilightforest:canopy_door":1,"twilightforest:maze_stone_mosaic":1,"minecraft:experience_bottle":37,"minecraft:chicken":1,"minecraft:iron_boots":2,"iceandfire:troll_tusk":1,"minecraft:cut_red_sandstone":1,"shiny_gems_and_ores:silver_ore":7,"minecraft:filled_map":1,"minecraft:cobblestone_slab":1,"minecraft:peony":1,"minecraft:spruce_planks":8,"minecraft:iron_chestplate":1,"minecraft:andesite":2,"minecraft:mossy_stone_bricks":6,"minecraft:oak_sapling":5,"minecraft:stone_pressure_plate":1,"minecraft:stone_bricks":6,"minecraft:sandstone":13,"iceandfire:crackled_stone":1,"twilightforest:twilight_oak_log":5,"epicfight:skillbook":2,"minecraft:black_wool":4},"minecraft:crafted":{"twilightforest:steeleaf_boots":1,"minecraft:oak_planks":40,"usefulbackpacks:backpack_small":4,"minecraft:iron_boots":3,"minecraft:chest":1,"twilightforest:magic_map_focus":1,"minecraft:emerald":14,"minecraft:crafting_table":7,"minecraft:spruce_planks":76,"minecraft:wooden_pickaxe":1,"minecraft:iron_helmet":3,"twilightforest:canopy_door":3,"minecraft:iron_chestplate":2,"minecraft:paper":9,"minecraft:yellow_dye":4,"minecraft:purple_dye":2,"minecraft:shield":1,"minecraft:stick":16,"minecraft:iron_ingot":134,"usefulbackpacks:backpack_large":11,"minecraft:iron_pickaxe":4,"minecraft:gold_ingot":14,"iceandfire:stymphalian_feather_bundle":1,"minecraft:shears":1,"twilightforest:steeleaf_leggings":1,"minecraft:iron_axe":6,"minecraft:iron_hoe":1,"minecraft:stone_pickaxe":1,"twilightforest:canopy_planks":256,"usefulbackpacks:backpack_medium":4,"minecraft:wheat":1179,"minecraft:cooked_beef":36,"minecraft:red_dye":3,"minecraft:bucket":1,"minecraft:stone_axe":1,"twilightforest:steeleaf_helmet":1,"minecraft:orange_dye":3,"minecraft:bread":427,"minecraft:air":0,"minecraft:blue_dye":1,"minecraft:oak_boat":1,"twilightforest:naga_chestplate":1,"minecraft:wooden_axe":1,"twilightforest:magic_map_empty":1,"minecraft:white_bed":1},"minecraft:picked_up":{"twilightforest:lich_trophy":3,"minecraft:iron_chestplate":1,"minecraft:wheat":2,"twilightforest:maze_stone_chiseled":3,"minecraft:prismarine_shard":2,"twilightforest:naga_trophy":2,"minecraft:wither_rose":4,"minecraft:golden_sword":1,"twilightforest:shield_scepter":1,"minecraft:string":53,"minecraft:iron_leggings":1,"minecraft:experience_bottle":37,"minecraft:gold_nugget":18,"minecraft:spruce_planks":3,"minecraft:cobblestone_slab":1,"minecraft:melon_slice":59,"twilightforest:firefly_jar":2,"minecraft:furnace":4,"minecraft:golden_helmet":3,"minecraft:stick":29,"iceandfire:crackled_dirt":1,"twilightforest:maze_stone_cracked":1,"minecraft:oak_fence":13,"epicfight:skillbook":2,"minecraft:porkchop":24,"minecraft:golden_axe":2,"twilightforest:nagastone_pillar_weathered":1,"minecraft:diorite":6,"minecraft:golden_chestplate":1,"minecraft:rotten_flesh":42,"minecraft:iron_bars":20,"minecraft:cobblestone":233,"minecraft:lilac":1,"twilightforest:twilight_oak_log":5,"minecraft:andesite":8,"minecraft:golden_leggings":1,"minecraft:smooth_sandstone_stairs":3,"minecraft:prismarine_bricks":1,"minecraft:lapis_lazuli":109,"minecraft:dirt":44,"twilightforest:canopy_sapling":30,"minecraft:bone":13,"minecraft:wheat_seeds":22,"minecraft:orange_tulip":1,"minecraft:grindstone":1,"minecraft:mossy_stone_bricks":6,"minecraft:glowstone_dust":6,"minecraft:oak_planks":16,"twilightforest:mushgloom":1,"twilightforest:maze_stone_mosaic":3,"iceandfire:dragon_skull_fire":1,"iceandfire:shiny_scales":1,"minecraft:sand":4,"twilightforest:canopy_log":72,"iceandfire:stymphalian_bird_feather":12,"twilightforest:naga_chestplate":1,"minecraft:jungle_slab":1,"minecraft:chiseled_sandstone":3,"minecraft:polished_andesite":2,"twilightforest:twilight_scepter":1,"twilightforest:canopy_planks":4,"twilightforest:twilight_oak_sapling":17,"minecraft:diamond":1,"iceandfire:crackled_stone":1,"waystones:waystone":6,"minecraft:granite":7,"minecraft:golden_apple":3,"minecraft:bread":16,"iceandfire:gorgon_head":4,"minecraft:oak_sapling":5,"twilightforest:torchberries":5,"iceandfire:copper_ingot":2,"iceandfire:dragon_skull_lightning":1,"minecraft:crafting_table":16,"minecraft:chicken":1,"twilightforest:cooked_meef":5,"iceandfire:fire_lily":1,"minecraft:brown_mushroom":4,"usefulbackpacks:backpack_medium":1,"shiny_gems_and_ores:silver_ore":7,"minecraft:iron_axe":1,"iceandfire:amythest_gem":3,"minecraft:cracked_stone_bricks":2,"minecraft:beef":139,"shiny_gems_and_ores:sapphire":9,"minecraft:oak_boat":5,"twilightforest:naga_scale":8,"minecraft:poppy":8,"minecraft:minecart":1,"twilightforest:naga_stone":2,"minecraft:chest":8,"minecraft:sugar_cane":20,"minecraft:egg":5,"minecraft:sandstone":13,"iceandfire:dragonbone":26,"iceandfire:deathworm_chitin_white":4,"minecraft:prismarine_crystals":5,"twilightforest:firefly":1,"minecraft:stone_pressure_plate":2,"twilightforest:raw_meef":15,"minecraft:arrow":13,"minecraft:golden_hoe":1,"minecraft:peony":1,"twilightforest:etched_nagastone":6,"minecraft:hay_block":131,"minecraft:sandstone_stairs":2,"minecraft:mutton":6,"minecraft:rail":1,"minecraft:white_wool":90,"twilightforest:maze_stone_brick":1,"minecraft:cut_sandstone":8,"minecraft:leather":84,"minecraft:red_mushroom":10,"minecraft:birch_planks":2,"waystones:sandy_waystone":2,"minecraft:oak_log":10,"minecraft:golden_boots":1,"minecraft:gunpowder":4,"minecraft:cobblestone_stairs":1,"minecraft:cooked_mutton":3,"minecraft:smooth_sandstone":1,"minecraft:stone_bricks":8,"iceandfire:pixie_jar_empty":1,"iceandfire:dragon_stick":1,"minecraft:iron_ingot":3,"minecraft:iron_ore":189,"minecraft:iron_sword":3,"minecraft:acacia_sapling":4,"minecraft:book":24,"iceandfire:copper_nugget":18,"twilightforest:nagastone_pillar":1,"minecraft:stone_brick_slab":1,"shiny_gems_and_ores:ruby_shard":6,"minecraft:dandelion":14,"minecraft:spruce_sapling":9,"minecraft:blast_furnace":3,"minecraft:white_bed":16,"minecraft:spruce_log":19,"minecraft:gold_ore":9,"minecraft:spider_eye":3,"minecraft:cut_red_sandstone":2,"minecraft:slime_ball":7,"minecraft:iron_helmet":1,"twilightforest:raven_feather":1,"minecraft:painting":3,"minecraft:gray_wool":1,"iceandfire:chared_gravel":4,"minecraft:black_wool":4,"twilightforest:maze_stone_decorative":3,"minecraft:coal":119,"minecraft:ender_pearl":6},"minecraft:mined":{"minecraft:blue_carpet":1,"minecraft:spruce_planks":4,"minecraft:stone_pressure_plate":2,"minecraft:white_bed":15,"minecraft:jungle_slab":1,"minecraft:cobblestone_stairs":1,"minecraft:granite":7,"minecraft:grass_block":8,"minecraft:infested_cobblestone":1,"minecraft:oak_pressure_plate":1,"minecraft:spawner":8,"minecraft:sandstone_stairs":1,"iceandfire:crackled_cobblestone":1,"minecraft:glowstone":2,"minecraft:iron_ore":199,"minecraft:fire":1,"shiny_gems_and_ores:silver_ore":7,"iceandfire:gold_pile":3,"minecraft:iron_bars":29,"minecraft:smooth_sandstone_stairs":2,"minecraft:cut_sandstone":7,"shiny_gems_and_ores:sapphire_ore":9,"lootr:lootr_chest":16,"twilightforest:torchberry_plant":1,"minecraft:blast_furnace":3,"minecraft:poppy":6,"minecraft:melon":12,"twilightforest:twilight_oak_log":5,"minecraft:mushroom_stem":1,"iceandfire:fire_lily":1,"minecraft:cobblestone":15,"minecraft:oak_planks":5,"minecraft:grindstone":1,"minecraft:sugar_cane":5,"minecraft:seagrass":1,"minecraft:lilac":1,"minecraft:orange_tulip":1,"minecraft:tnt":1,"minecraft:wither_rose":4,"minecraft:prismarine_brick_stairs":2,"minecraft:grass":93,"minecraft:oak_log":10,"minecraft:dirt":9,"twilightforest:canopy_log":73,"minecraft:red_mushroom_block":1,"minecraft:cut_red_sandstone":1,"iceandfire:frozen_grass":1,"minecraft:spruce_leaves":2,"minecraft:sandstone":6,"minecraft:large_fern":1,"minecraft:hay_block":135,"twilightforest:mushgloom":1,"minecraft:furnace":4,"twilightforest:naga_trophy":1,"minecraft:chiseled_sandstone":1,"twilightforest:canopy_planks":6,"minecraft:andesite":7,"minecraft:peony":1,"minecraft:bookshelf":8,"twilightforest:firefly_jar":2,"minecraft:vine":8,"minecraft:stone":196,"shiny_gems_and_ores:ruby_ore":2,"iceandfire:pixie_jar_empty":1,"twilightforest:root_strand":3,"minecraft:glass_pane":4,"minecraft:infested_stone_bricks":1,"minecraft:dandelion":14,"minecraft:oak_fence":5,"minecraft:crafting_table":16,"minecraft:cornflower":1,"minecraft:tall_grass":43,"iceandfire:amythest_ore":3,"minecraft:lapis_ore":16,"minecraft:diorite":6,"minecraft:prismarine_bricks":1,"minecraft:birch_planks":2,"minecraft:cobblestone_wall":1,"minecraft:prismarine_brick_slab":1,"minecraft:spruce_log":19,"minecraft:grass_path":1,"minecraft:coal_ore":67,"minecraft:cobweb":27,"minecraft:cracked_stone_bricks":3,"minecraft:stone_bricks":9,"minecraft:mossy_stone_bricks":6,"minecraft:gold_ore":9,"minecraft:fern":2},"minecraft:broken":{"minecraft:stone_pickaxe":1},"minecraft:custom":{"lootr:looted_stat":96,"minecraft:interact_with_crafting_table":73,"goblintraders:trade_with_goblin":48,"minecraft:leave_game":10,"minecraft:time_since_death":6090,"minecraft:sprint_one_cm":993995,"minecraft:damage_blocked_by_shield":445,"minecraft:drop":237,"minecraft:talked_to_villager":3,"minecraft:deaths":7,"minecraft:jump":9121,"minecraft:walk_on_water_one_cm":63900,"minecraft:interact_with_furnace":38,"minecraft:play_one_minute":381989,"minecraft:sleep_in_bed":12,"minecraft:waystone_activated":9,"minecraft:damage_dealt":43813,"minecraft:crouch_one_cm":17825,"minecraft:mob_kills":233,"minecraft:climb_one_cm":7619,"minecraft:walk_one_cm":643131,"minecraft:damage_dealt_absorbed":9,"minecraft:sneak_time":6732,"minecraft:walk_under_water_one_cm":68574,"minecraft:boat_one_cm":467625,"minecraft:interact_with_blast_furnace":23,"minecraft:time_since_rest":6115,"minecraft:damage_taken":2147483647,"minecraft:trigger_trapped_chest":4,"minecraft:swim_one_cm":107106,"minecraft:fly_one_cm":2128782,"minecraft:open_chest":14,"minecraft:fall_one_cm":280026},"minecraft:used":{"minecraft:poppy":4,"minecraft:chest":3,"minecraft:shield":12,"minecraft:iron_sword":404,"minecraft:stone_bricks":2,"minecraft:golden_sword":1,"minecraft:furnace":2,"twilightforest:naga_trophy":1,"epicfight:skillbook":7,"minecraft:stone_pickaxe":131,"minecraft:oak_planks":5,"minecraft:wooden_pickaxe":7,"minecraft:golden_apple":1,"minecraft:sand":3,"minecraft:blast_furnace":2,"waystones:waystone":6,"twilightforest:maze_wafer":1,"minecraft:bread":160,"minecraft:andesite":6,"twilightforest:twilight_oak_log":5,"minecraft:oak_boat":5,"minecraft:experience_bottle":91,"minecraft:cobweb":5,"twilightforest:canopy_planks":157,"minecraft:oak_fence":2,"waystones:sandy_waystone":2,"minecraft:spruce_planks":9,"minecraft:dirt":3,"minecraft:wooden_axe":18,"minecraft:iron_hoe":76,"minecraft:iron_axe":488,"minecraft:smooth_sandstone":1,"carryon:entity_item":17,"twilightforest:canopy_door":2,"minecraft:beef":9,"minecraft:cooked_beef":36,"twilightforest:steeleaf_pickaxe":53,"minecraft:water_bucket":49,"minecraft:sandstone_stairs":1,"minecraft:birch_planks":2,"minecraft:crafting_table":23,"twilightforest:canopy_log":73,"minecraft:white_bed":14,"minecraft:spruce_log":19,"minecraft:oak_log":5,"minecraft:iron_pickaxe":459,"twilightforest:firefly_jar":1,"minecraft:stone_axe":32,"minecraft:cobblestone":175,"minecraft:porkchop":1,"minecraft:bucket":50,"minecraft:dandelion":8},"minecraft:killed":{"minecraft:cave_spider":7,"twilightforest:hostile_wolf":2,"iceandfire:gorgon":1,"minecraft:spider":6,"twilightforest:maze_slime":5,"iceandfire:stymphalian_bird":1,"minecraft:skeleton":9,"twilightforest:pinch_beetle":6,"minecraft:silverfish":1,"twilightforest:minotaur":13,"minecraft:wolf":1,"twilightforest:slime_beetle":2,"minecraft:pig":11,"minecraft:iron_golem":1,"twilightforest:raven":1,"minecraft:creeper":7,"twilightforest:skeleton_druid":3,"minecraft:sheep":3,"minecraft:pillager":3,"minecraft:zombie":32,"minecraft:cow":69,"minecraft:vindicator":1,"minecraft:horse":8,"twilightforest:fire_beetle":2,"twilightforest:naga":1,"twilightforest:loyal_zombie":2,"iceandfire:siren":1,"minecraft:drowned":4,"iceandfire:deathworm":1,"minecraft:husk":7,"iceandfire:ghost":4,"minecraft:enderman":2},"minecraft:killed_by":{"minecraft:player":5}},"DataVersion":2586}