{"stats":{"minecraft:custom":{"minecraft:time_since_rest":15747,"lootr:looted_stat":3,"minecraft:sprint_one_cm":31050,"minecraft:damage_taken":60,"minecraft:walk_one_cm":17456,"minecraft:mob_kills":5,"minecraft:drop":1,"minecraft:damage_dealt":400,"minecraft:interact_with_crafting_table":9,"minecraft:swim_one_cm":7663,"minecraft:fly_one_cm":46867,"minecraft:crouch_one_cm":330,"minecraft:play_one_minute":15747,"minecraft:sneak_time":106,"minecraft:walk_under_water_one_cm":5455,"minecraft:boat_one_cm":53783,"minecraft:jump":215,"minecraft:walk_on_water_one_cm":3611,"minecraft:time_since_death":15747,"minecraft:fall_one_cm":5516},"minecraft:picked_up":{"minecraft:birch_log":2,"minecraft:stick":1,"minecraft:crafting_table":1,"minecraft:sandstone":2,"minecraft:brown_wool":1,"minecraft:sand":28,"minecraft:oak_log":4,"minecraft:dirt":6,"minecraft:oak_boat":1,"minecraft:oak_sapling":1,"minecraft:black_wool":1,"minecraft:birch_sapling":1,"minecraft:mutton":7,"minecraft:coal":20,"minecraft:white_wool":3,"minecraft:cobblestone":30},"minecraft:dropped":{"minecraft:wooden_pickaxe":1},"minecraft:killed":{"minecraft:sheep":5},"minecraft:mined":{"minecraft:birch_sapling":1,"minecraft:birch_log":2,"minecraft:crafting_table":1,"minecraft:grass":3,"minecraft:grass_block":1,"minecraft:oak_log":4,"minecraft:coal_ore":20,"minecraft:sand":29,"minecraft:dirt":5,"minecraft:stone":30,"minecraft:sandstone":3},"minecraft:used":{"minecraft:stone_shovel":29,"minecraft:stone_pickaxe":39,"minecraft:birch_sapling":1,"minecraft:wooden_pickaxe":14,"minecraft:stone_axe":8,"minecraft:dirt":6,"minecraft:crafting_table":3,"minecraft:oak_sapling":1,"minecraft:carrot":2,"minecraft:oak_boat":1},"minecraft:crafted":{"minecraft:oak_boat":1,"minecraft:oak_planks":16,"minecraft:stone_shovel":1,"minecraft:crafting_table":2,"minecraft:stick":8,"minecraft:wooden_pickaxe":1,"minecraft:stone_pickaxe":1,"minecraft:birch_planks":8,"minecraft:stone_axe":1}},"DataVersion":2586}