{"stats":{"minecraft:picked_up":{"twilightforest:lich_trophy":3,"twilightforest:maze_stone_chiseled":3,"twilightforest:naga_trophy":2,"minecraft:golden_sword":1,"twilightforest:shield_scepter":1,"minecraft:string":50,"minecraft:iron_leggings":1,"minecraft:gold_nugget":18,"minecraft:cobblestone_slab":1,"minecraft:furnace":4,"twilightforest:firefly_jar":2,"minecraft:golden_helmet":3,"minecraft:stick":29,"iceandfire:crackled_dirt":1,"twilightforest:maze_stone_cracked":1,"minecraft:oak_fence":13,"epicfight:skillbook":2,"minecraft:porkchop":18,"minecraft:golden_axe":2,"twilightforest:nagastone_pillar_weathered":1,"minecraft:diorite":6,"minecraft:golden_chestplate":1,"minecraft:rotten_flesh":35,"minecraft:iron_bars":20,"minecraft:cobblestone":209,"minecraft:lilac":1,"twilightforest:twilight_oak_log":5,"minecraft:andesite":2,"minecraft:golden_leggings":1,"minecraft:smooth_sandstone_stairs":3,"minecraft:lapis_lazuli":109,"minecraft:dirt":11,"twilightforest:canopy_sapling":30,"minecraft:bone":11,"minecraft:orange_tulip":1,"minecraft:wheat_seeds":10,"minecraft:grindstone":1,"minecraft:mossy_stone_bricks":6,"minecraft:glowstone_dust":3,"minecraft:oak_planks":16,"twilightforest:mushgloom":1,"twilightforest:maze_stone_mosaic":3,"iceandfire:dragon_skull_fire":1,"minecraft:sand":4,"twilightforest:canopy_log":72,"iceandfire:stymphalian_bird_feather":12,"twilightforest:naga_chestplate":1,"minecraft:chiseled_sandstone":3,"minecraft:jungle_slab":1,"minecraft:polished_andesite":2,"twilightforest:twilight_scepter":1,"twilightforest:canopy_planks":3,"twilightforest:twilight_oak_sapling":17,"minecraft:diamond":1,"iceandfire:crackled_stone":1,"waystones:waystone":2,"minecraft:granite":7,"minecraft:golden_apple":2,"iceandfire:gorgon_head":1,"minecraft:bread":16,"minecraft:oak_sapling":3,"twilightforest:torchberries":5,"iceandfire:copper_ingot":2,"minecraft:crafting_table":14,"minecraft:chicken":1,"twilightforest:cooked_meef":5,"iceandfire:fire_lily":1,"minecraft:brown_mushroom":4,"usefulbackpacks:backpack_medium":1,"shiny_gems_and_ores:silver_ore":5,"minecraft:iron_axe":1,"iceandfire:amythest_gem":3,"minecraft:cracked_stone_bricks":2,"minecraft:beef":79,"shiny_gems_and_ores:sapphire":9,"minecraft:oak_boat":1,"twilightforest:naga_scale":8,"minecraft:poppy":6,"minecraft:minecart":1,"twilightforest:naga_stone":2,"minecraft:chest":6,"minecraft:sugar_cane":16,"minecraft:egg":5,"minecraft:sandstone":13,"iceandfire:dragonbone":14,"twilightforest:raw_meef":15,"minecraft:stone_pressure_plate":2,"twilightforest:firefly":1,"minecraft:arrow":13,"minecraft:peony":1,"minecraft:golden_hoe":1,"twilightforest:etched_nagastone":6,"minecraft:hay_block":64,"minecraft:sandstone_stairs":2,"minecraft:white_wool":64,"minecraft:mutton":6,"minecraft:rail":1,"twilightforest:maze_stone_brick":1,"minecraft:cut_sandstone":8,"minecraft:leather":49,"minecraft:red_mushroom":10,"minecraft:birch_planks":2,"waystones:sandy_waystone":2,"minecraft:oak_log":10,"minecraft:golden_boots":1,"minecraft:gunpowder":4,"minecraft:cooked_mutton":3,"minecraft:smooth_sandstone":1,"minecraft:stone_bricks":8,"iceandfire:pixie_jar_empty":1,"iceandfire:dragon_stick":1,"minecraft:iron_ingot":3,"minecraft:iron_ore":189,"minecraft:acacia_sapling":2,"minecraft:iron_sword":3,"minecraft:book":24,"iceandfire:copper_nugget":18,"twilightforest:nagastone_pillar":1,"minecraft:stone_brick_slab":1,"shiny_gems_and_ores:ruby_shard":6,"minecraft:dandelion":9,"minecraft:blast_furnace":3,"minecraft:white_bed":11,"minecraft:gold_ore":9,"minecraft:spider_eye":3,"minecraft:cut_red_sandstone":2,"minecraft:slime_ball":7,"minecraft:iron_helmet":1,"twilightforest:raven_feather":1,"minecraft:painting":3,"minecraft:gray_wool":1,"twilightforest:maze_stone_decorative":3,"minecraft:black_wool":3,"minecraft:coal":119,"minecraft:ender_pearl":5},"minecraft:broken":{"minecraft:stone_pickaxe":1},"minecraft:mined":{"minecraft:blue_carpet":1,"minecraft:stone_pressure_plate":2,"minecraft:white_bed":10,"minecraft:jungle_slab":1,"minecraft:granite":7,"minecraft:grass_block":5,"minecraft:oak_pressure_plate":1,"minecraft:sandstone_stairs":1,"minecraft:spawner":6,"iceandfire:crackled_cobblestone":1,"minecraft:glowstone":1,"minecraft:iron_ore":199,"minecraft:fire":1,"shiny_gems_and_ores:silver_ore":5,"iceandfire:gold_pile":3,"minecraft:iron_bars":29,"minecraft:smooth_sandstone_stairs":2,"minecraft:cut_sandstone":7,"lootr:lootr_chest":10,"shiny_gems_and_ores:sapphire_ore":9,"twilightforest:torchberry_plant":1,"minecraft:blast_furnace":3,"minecraft:poppy":4,"twilightforest:twilight_oak_log":5,"minecraft:mushroom_stem":1,"iceandfire:fire_lily":1,"minecraft:cobblestone":14,"minecraft:sugar_cane":4,"minecraft:grindstone":1,"minecraft:oak_planks":5,"minecraft:seagrass":1,"minecraft:lilac":1,"minecraft:tnt":1,"minecraft:orange_tulip":1,"minecraft:grass":50,"minecraft:oak_log":10,"minecraft:dirt":4,"minecraft:red_mushroom_block":1,"minecraft:cut_red_sandstone":1,"twilightforest:canopy_log":73,"minecraft:sandstone":6,"minecraft:large_fern":1,"minecraft:hay_block":66,"twilightforest:mushgloom":1,"minecraft:furnace":4,"twilightforest:naga_trophy":1,"minecraft:chiseled_sandstone":1,"twilightforest:canopy_planks":4,"minecraft:andesite":1,"minecraft:peony":1,"minecraft:bookshelf":8,"twilightforest:firefly_jar":2,"minecraft:vine":4,"minecraft:stone":174,"shiny_gems_and_ores:ruby_ore":2,"iceandfire:pixie_jar_empty":1,"twilightforest:root_strand":3,"minecraft:glass_pane":4,"minecraft:infested_stone_bricks":1,"minecraft:dandelion":10,"minecraft:oak_fence":5,"minecraft:crafting_table":14,"minecraft:tall_grass":33,"iceandfire:amythest_ore":3,"minecraft:lapis_ore":16,"minecraft:diorite":6,"minecraft:birch_planks":2,"minecraft:cobblestone_wall":1,"minecraft:grass_path":1,"minecraft:coal_ore":67,"minecraft:cobweb":27,"minecraft:cracked_stone_bricks":3,"minecraft:stone_bricks":9,"minecraft:mossy_stone_bricks":6,"minecraft:gold_ore":9},"minecraft:used":{"minecraft:poppy":4,"minecraft:chest":2,"minecraft:shield":12,"minecraft:iron_sword":404,"minecraft:stone_bricks":2,"minecraft:golden_sword":1,"minecraft:furnace":2,"twilightforest:naga_trophy":1,"epicfight:skillbook":6,"minecraft:stone_pickaxe":131,"minecraft:oak_planks":5,"minecraft:wooden_pickaxe":7,"minecraft:golden_apple":1,"minecraft:sand":3,"minecraft:blast_furnace":2,"waystones:waystone":2,"minecraft:bread":153,"twilightforest:maze_wafer":1,"twilightforest:twilight_oak_log":5,"minecraft:oak_boat":1,"minecraft:cobweb":5,"twilightforest:canopy_planks":155,"minecraft:oak_fence":2,"waystones:sandy_waystone":2,"minecraft:wooden_axe":18,"minecraft:iron_axe":262,"minecraft:smooth_sandstone":1,"carryon:entity_item":16,"minecraft:beef":9,"minecraft:cooked_beef":20,"twilightforest:steeleaf_pickaxe":9,"minecraft:water_bucket":46,"minecraft:sandstone_stairs":1,"minecraft:birch_planks":2,"minecraft:crafting_table":17,"twilightforest:canopy_log":73,"minecraft:white_bed":9,"minecraft:oak_log":5,"minecraft:iron_pickaxe":459,"twilightforest:firefly_jar":1,"minecraft:stone_axe":32,"minecraft:cobblestone":154,"minecraft:porkchop":1,"minecraft:bucket":47,"minecraft:dandelion":8},"minecraft:crafted":{"minecraft:oak_planks":40,"usefulbackpacks:backpack_small":2,"minecraft:iron_boots":3,"twilightforest:magic_map_focus":1,"minecraft:emerald":14,"minecraft:crafting_table":4,"minecraft:wooden_pickaxe":1,"minecraft:iron_helmet":3,"minecraft:iron_chestplate":2,"minecraft:paper":9,"minecraft:purple_dye":2,"minecraft:shield":1,"minecraft:stick":16,"minecraft:iron_ingot":134,"usefulbackpacks:backpack_large":5,"minecraft:iron_pickaxe":4,"minecraft:gold_ingot":14,"iceandfire:stymphalian_feather_bundle":1,"minecraft:shears":1,"minecraft:iron_axe":5,"minecraft:stone_pickaxe":1,"twilightforest:canopy_planks":256,"usefulbackpacks:backpack_medium":2,"minecraft:wheat":576,"minecraft:cooked_beef":36,"minecraft:red_dye":1,"minecraft:bucket":1,"minecraft:stone_axe":1,"minecraft:orange_dye":1,"minecraft:bread":192,"minecraft:air":0,"minecraft:blue_dye":1,"minecraft:oak_boat":1,"twilightforest:naga_chestplate":1,"minecraft:wooden_axe":1,"twilightforest:magic_map_empty":1,"minecraft:white_bed":1},"minecraft:custom":{"lootr:looted_stat":63,"minecraft:interact_with_crafting_table":58,"goblintraders:trade_with_goblin":48,"minecraft:leave_game":7,"minecraft:time_since_death":89335,"minecraft:sprint_one_cm":786428,"minecraft:damage_blocked_by_shield":445,"minecraft:drop":180,"minecraft:deaths":2,"minecraft:jump":6979,"minecraft:walk_on_water_one_cm":53143,"minecraft:interact_with_furnace":38,"minecraft:play_one_minute":287463,"minecraft:sleep_in_bed":7,"minecraft:waystone_activated":4,"minecraft:damage_dealt":34555,"minecraft:crouch_one_cm":15692,"minecraft:mob_kills":175,"minecraft:climb_one_cm":4008,"minecraft:walk_one_cm":522210,"minecraft:damage_dealt_absorbed":9,"minecraft:sneak_time":5890,"minecraft:walk_under_water_one_cm":52899,"minecraft:boat_one_cm":204269,"minecraft:interact_with_blast_furnace":23,"minecraft:time_since_rest":89362,"minecraft:damage_taken":10498,"minecraft:swim_one_cm":58707,"minecraft:fly_one_cm":1627902,"minecraft:open_chest":6,"minecraft:fall_one_cm":199470},"minecraft:dropped":{"minecraft:iron_sword":4,"minecraft:porkchop":3,"shiny_gems_and_ores:ruby_shard":6,"minecraft:diamond":1,"minecraft:sandstone_stairs":1,"twilightforest:naga_stone":2,"minecraft:cracked_stone_bricks":2,"minecraft:rail":1,"minecraft:red_mushroom":10,"minecraft:emerald":8,"minecraft:dirt":11,"twilightforest:firefly":1,"minecraft:mutton":2,"minecraft:cut_sandstone":4,"twilightforest:maze_stone_chiseled":2,"minecraft:sand":1,"minecraft:iron_pickaxe":4,"twilightforest:maze_stone_brick":1,"minecraft:bone":2,"twilightforest:nagastone_pillar_weathered":1,"usefulbackpacks:backpack_large":1,"minecraft:stone_axe":1,"minecraft:iron_nugget":7,"minecraft:smooth_sandstone_stairs":2,"minecraft:rotten_flesh":35,"minecraft:oak_planks":5,"minecraft:glowstone_dust":1,"minecraft:white_bed":2,"twilightforest:torchberries":1,"minecraft:poppy":1,"minecraft:acacia_sapling":2,"minecraft:chest":2,"iceandfire:bestiary":1,"minecraft:painting":3,"minecraft:iron_bars":12,"minecraft:iron_ore":1,"minecraft:arrow":8,"twilightforest:nagastone_pillar":1,"minecraft:egg":5,"minecraft:iron_ingot":3,"minecraft:bread":73,"minecraft:wheat_seeds":9,"minecraft:golden_helmet":1,"twilightforest:firefly_jar":1,"minecraft:lilac":1,"twilightforest:canopy_sapling":30,"minecraft:minecart":1,"twilightforest:maze_stone_cracked":1,"minecraft:golden_axe":2,"minecraft:oak_fence":6,"minecraft:iron_helmet":3,"minecraft:cobblestone":49,"iceandfire:dragon_stick":1,"twilightforest:lich_trophy":1,"minecraft:granite":7,"twilightforest:naga_chestplate":1,"twilightforest:etched_nagastone":6,"twilightforest:twilight_oak_sapling":17,"twilightforest:canopy_log":8,"minecraft:golden_apple":1,"minecraft:stick":11,"minecraft:polished_andesite":2,"minecraft:jungle_slab":1,"minecraft:gray_wool":1,"minecraft:diorite":6,"iceandfire:crackled_dirt":1,"iceandfire:copper_nugget":18,"minecraft:cooked_salmon":3,"minecraft:iron_leggings":2,"minecraft:golden_hoe":1,"minecraft:iron_axe":5,"twilightforest:mushgloom":1,"minecraft:paper":1,"iceandfire:dragon_skull_fire":1,"minecraft:dandelion":1,"minecraft:stone_brick_slab":1,"iceandfire:dragonbone":14,"twilightforest:maze_stone_mosaic":1,"minecraft:chicken":1,"minecraft:iron_boots":1,"iceandfire:troll_tusk":1,"minecraft:cut_red_sandstone":1,"shiny_gems_and_ores:silver_ore":5,"minecraft:filled_map":1,"minecraft:cobblestone_slab":1,"minecraft:peony":1,"minecraft:iron_chestplate":1,"minecraft:andesite":2,"minecraft:mossy_stone_bricks":6,"minecraft:oak_sapling":3,"minecraft:stone_pressure_plate":1,"minecraft:stone_bricks":6,"minecraft:sandstone":13,"iceandfire:crackled_stone":1,"twilightforest:twilight_oak_log":5,"minecraft:black_wool":3,"epicfight:skillbook":2},"minecraft:killed":{"twilightforest:hostile_wolf":2,"minecraft:cave_spider":7,"iceandfire:gorgon":1,"minecraft:spider":5,"twilightforest:maze_slime":5,"iceandfire:stymphalian_bird":1,"minecraft:skeleton":8,"twilightforest:pinch_beetle":6,"twilightforest:minotaur":13,"minecraft:wolf":1,"twilightforest:slime_beetle":2,"minecraft:pig":8,"minecraft:iron_golem":1,"twilightforest:raven":1,"minecraft:creeper":7,"twilightforest:skeleton_druid":3,"minecraft:sheep":3,"minecraft:zombie":27,"minecraft:cow":38,"twilightforest:fire_beetle":2,"minecraft:horse":7,"twilightforest:naga":1,"twilightforest:loyal_zombie":2,"minecraft:husk":7,"minecraft:enderman":1}},"DataVersion":2586}