{"stats":{"minecraft:custom":{"minecraft:interact_with_smithing_table":1,"lootr:looted_stat":72,"minecraft:interact_with_anvil":2,"minecraft:mob_kills":272,"minecraft:interact_with_crafting_table":43,"minecraft:open_barrel":3,"minecraft:leave_game":2,"minecraft:time_since_death":149118,"minecraft:climb_one_cm":2015,"minecraft:sprint_one_cm":434229,"minecraft:walk_one_cm":350071,"minecraft:damage_blocked_by_shield":1645,"minecraft:drop":105,"minecraft:sneak_time":6376,"minecraft:walk_under_water_one_cm":10299,"minecraft:boat_one_cm":53783,"minecraft:jump":2722,"minecraft:walk_on_water_one_cm":14329,"minecraft:interact_with_furnace":22,"minecraft:play_one_minute":149118,"minecraft:sleep_in_bed":1,"minecraft:time_since_rest":8279,"minecraft:waystone_activated":1,"minecraft:damage_taken":3146,"minecraft:damage_absorbed":372,"minecraft:damage_dealt":50286,"minecraft:swim_one_cm":17557,"minecraft:fly_one_cm":607339,"minecraft:open_chest":90,"minecraft:crouch_one_cm":17146,"minecraft:interact_with_smoker":6,"minecraft:fall_one_cm":84236},"minecraft:killed":{"minecraft:cave_spider":35,"minecraft:spider":7,"minecraft:horse":9,"minecraft:skeleton":55,"blue_skies:gatekeeper":1,"minecraft:chicken":1,"minecraft:husk":5,"minecraft:pig":9,"kobolds:kobold_skeleton":2,"minecraft:creeper":1,"minecraft:sheep":5,"minecraft:pillager":10,"minecraft:zombie":114,"minecraft:cow":15},"minecraft:broken":{"minecraft:stone_pickaxe":1},"minecraft:mined":{"minecraft:cut_sandstone_slab":5,"minecraft:stone_pressure_plate":2,"minecraft:mossy_cobblestone":2,"minecraft:cobblestone_stairs":2,"minecraft:chiseled_red_sandstone":1,"minecraft:brewing_stand":1,"minecraft:purple_terracotta":1,"minecraft:acacia_log":18,"minecraft:grass_block":1,"minecraft:coal_block":7,"minecraft:soul_campfire":1,"minecraft:infested_chiseled_stone_bricks":1,"minecraft:sandstone":38,"minecraft:chiseled_stone_bricks":2,"minecraft:spawner":32,"minecraft:sandstone_stairs":1,"comforts:sleeping_bag_white":2,"minecraft:hay_block":36,"minecraft:furnace":4,"minecraft:iron_ore":55,"minecraft:chiseled_sandstone":2,"minecraft:anvil":4,"minecraft:gold_block":1,"minecraft:bookshelf":5,"minecraft:vine":71,"minecraft:smooth_sandstone_stairs":5,"minecraft:stone":170,"minecraft:white_wool":63,"minecraft:smithing_table":1,"minecraft:sandstone_slab":3,"minecraft:cut_sandstone":20,"minecraft:glass_pane":2,"lootr:lootr_chest":38,"lootr:lootr_barrel":25,"minecraft:infested_stone_bricks":1,"minecraft:smoker":3,"minecraft:orange_terracotta":1,"minecraft:soul_lantern":1,"minecraft:smooth_sandstone":9,"minecraft:crafting_table":6,"minecraft:polished_andesite_stairs":2,"minecraft:tall_grass":6,"minecraft:cobblestone":43,"minecraft:diorite":7,"minecraft:smooth_sandstone_slab":2,"minecraft:air":1,"minecraft:birch_sapling":1,"minecraft:spruce_stairs":1,"minecraft:blue_terracotta":1,"minecraft:dark_oak_slab":2,"minecraft:sea_pickle":1,"minecraft:birch_log":2,"minecraft:smooth_stone_slab":1,"minecraft:tnt":9,"minecraft:grass":18,"minecraft:oak_log":4,"minecraft:coal_ore":85,"minecraft:sand":29,"minecraft:dirt":6,"minecraft:sandstone_wall":2,"minecraft:cobweb":86,"minecraft:iron_trapdoor":1,"minecraft:chipped_anvil":1,"minecraft:terracotta":1,"minecraft:stone_bricks":1,"minecraft:cut_red_sandstone":2,"minecraft:gold_ore":4,"minecraft:mossy_stone_bricks":2,"minecraft:oak_leaves":12,"minecraft:emerald_block":1},"minecraft:picked_up":{"minecraft:wooden_axe":1,"minecraft:charcoal":4,"minecraft:iron_chestplate":2,"minecraft:crafting_table":6,"minecraft:wheat":311,"minecraft:sandstone_slab":1,"minecraft:iron_trapdoor":1,"minecraft:chicken":1,"minecraft:anvil":4,"minecraft:smithing_table":1,"minecraft:gold_block":1,"minecraft:brewing_stand":1,"minecraft:string":41,"minecraft:iron_axe":2,"minecraft:sea_pickle":2,"comforts:sleeping_bag_white":3,"minecraft:beef":33,"minecraft:oak_boat":1,"minecraft:minecart":1,"minecraft:coal_block":7,"minecraft:chest":9,"minecraft:birch_sapling":1,"minecraft:egg":1,"minecraft:furnace":4,"minecraft:stick":3,"minecraft:sandstone":33,"minecraft:acacia_log":20,"minecraft:spruce_stairs":1,"minecraft:porkchop":23,"minecraft:diorite":6,"minecraft:carrot":2,"minecraft:vine":64,"minecraft:prismarine_crystals":4,"minecraft:stone_pressure_plate":2,"minecraft:purple_terracotta":1,"minecraft:smooth_sandstone_slab":2,"minecraft:tnt":9,"minecraft:arrow":37,"minecraft:rotten_flesh":99,"minecraft:hay_block":36,"minecraft:sandstone_stairs":1,"minecraft:gold_ingot":2,"minecraft:mutton":7,"minecraft:white_wool":54,"minecraft:cobblestone":205,"minecraft:birch_log":2,"minecraft:feather":7,"minecraft:brown_wool":1,"minecraft:cut_sandstone":5,"minecraft:leather":18,"minecraft:smoker":3,"minecraft:smooth_sandstone_stairs":3,"minecraft:oak_log":4,"minecraft:gunpowder":1,"minecraft:dirt":7,"minecraft:cut_sandstone_slab":4,"minecraft:orange_terracotta":1,"minecraft:leather_boots":2,"minecraft:smooth_sandstone":9,"minecraft:bone":42,"minecraft:chipped_anvil":1,"minecraft:stone_bricks":1,"minecraft:bow":8,"minecraft:wheat_seeds":844,"minecraft:iron_ingot":2,"minecraft:cobweb":85,"minecraft:iron_ore":56,"minecraft:mossy_stone_bricks":4,"minecraft:acacia_sapling":4,"minecraft:polished_andesite_stairs":2,"minecraft:book":15,"minecraft:dark_oak_slab":4,"minecraft:emerald_block":1,"minecraft:cooked_porkchop":5,"minecraft:chiseled_stone_bricks":2,"minecraft:sand":28,"minecraft:mossy_cobblestone":2,"minecraft:gold_ore":4,"minecraft:spider_eye":14,"minecraft:barrel":8,"minecraft:cut_red_sandstone":2,"minecraft:blue_terracotta":1,"minecraft:soul_lantern":1,"waystones:waystone":1,"minecraft:chainmail_leggings":1,"minecraft:crossbow":2,"minecraft:granite":3,"minecraft:chainmail_helmet":1,"minecraft:terracotta":1,"minecraft:chiseled_red_sandstone":2,"minecraft:oak_sapling":1,"minecraft:black_wool":1,"minecraft:coal":199,"minecraft:oak_leaves":5},"minecraft:dropped":{"minecraft:purple_terracotta":1,"minecraft:wheat_seeds":67,"minecraft:mossy_cobblestone":2,"minecraft:minecart":2,"minecraft:sandstone_stairs":1,"minecraft:dark_oak_slab":4,"minecraft:crossbow":1,"minecraft:iron_helmet":1,"minecraft:feather":7,"minecraft:cobblestone":1,"minecraft:prismarine_crystals":8,"minecraft:granite":3,"minecraft:cut_sandstone_slab":4,"minecraft:stick":9,"minecraft:cobweb":20,"minecraft:iron_trapdoor":1,"minecraft:diorite":6,"minecraft:wooden_axe":1,"minecraft:brown_wool":1,"minecraft:cut_sandstone":5,"minecraft:polished_andesite_stairs":2,"minecraft:smooth_sandstone_slab":2,"minecraft:iron_axe":2,"minecraft:string":4,"minecraft:smooth_sandstone":9,"minecraft:acacia_planks":2,"minecraft:gold_ingot":2,"minecraft:bone":10,"minecraft:blue_terracotta":1,"minecraft:chiseled_red_sandstone":2,"minecraft:smooth_sandstone_stairs":3,"minecraft:chicken":1,"minecraft:rotten_flesh":48,"minecraft:shears":1,"minecraft:carrot":1,"minecraft:cut_red_sandstone":2,"minecraft:chiseled_stone_bricks":1,"minecraft:filled_map":1,"minecraft:gunpowder":1,"minecraft:orange_terracotta":1,"minecraft:iron_chestplate":1,"minecraft:charcoal":4,"minecraft:leather_boots":2,"minecraft:mossy_stone_bricks":4,"minecraft:chest":6,"minecraft:oak_boat":1,"minecraft:acacia_sapling":4,"minecraft:barrel":5,"minecraft:spider_eye":5,"minecraft:stone_pressure_plate":2,"minecraft:stone_bricks":1,"minecraft:bamboo":1,"minecraft:sandstone":18,"minecraft:arrow":11,"minecraft:bow":3,"minecraft:wooden_pickaxe":1,"minecraft:oak_leaves":5,"minecraft:black_wool":1,"minecraft:egg":1,"minecraft:terracotta":1},"minecraft:used":{"minecraft:acacia_log":18,"minecraft:stone_shovel":29,"minecraft:chest":5,"minecraft:shield":98,"minecraft:dirt":7,"minecraft:anvil":1,"minecraft:spruce_stairs":1,"minecraft:carrot":13,"minecraft:iron_axe":384,"minecraft:birch_sapling":1,"carryon:tile_item":3,"minecraft:bow":10,"minecraft:oak_sapling":1,"minecraft:furnace":4,"comforts:sleeping_bag_white":3,"minecraft:stone_pickaxe":131,"minecraft:wooden_pickaxe":14,"minecraft:sandstone":15,"minecraft:golden_apple":10,"minecraft:sand":17,"minecraft:crafting_table":10,"minecraft:smoker":2,"minecraft:shears":232,"minecraft:bread":48,"minecraft:iron_pickaxe":402,"minecraft:chiseled_stone_bricks":1,"minecraft:stone_axe":20,"minecraft:diamond_sword":436,"minecraft:cobblestone":165,"minecraft:oak_boat":1,"minecraft:air":1,"minecraft:cobweb":1},"minecraft:crafted":{"minecraft:oak_planks":16,"minecraft:stone_shovel":1,"comforts:sleeping_bag_white":1,"usefulbackpacks:backpack_small":2,"minecraft:furnace":1,"minecraft:cooked_mutton":7,"minecraft:iron_boots":2,"minecraft:iron_axe":4,"minecraft:stone_pickaxe":1,"minecraft:chest":4,"usefulbackpacks:backpack_medium":1,"minecraft:minecart":1,"minecraft:wheat":324,"minecraft:emerald":9,"minecraft:cooked_porkchop":6,"minecraft:crafting_table":5,"minecraft:wooden_pickaxe":1,"minecraft:iron_helmet":2,"minecraft:birch_planks":8,"minecraft:stone_axe":1,"minecraft:bread":221,"minecraft:air":0,"minecraft:oak_boat":1,"minecraft:iron_chestplate":2,"minecraft:shield":2,"usefulbackpacks:backpack_large":1,"minecraft:stick":32,"minecraft:iron_ingot":55,"minecraft:iron_pickaxe":3,"minecraft:iron_leggings":2,"minecraft:gold_ingot":9,"minecraft:acacia_planks":68,"minecraft:shears":2}},"DataVersion":2586}