{"stats":{"minecraft:broken":{"minecraft:wooden_shovel":1,"minecraft:iron_boots":1,"minecraft:iron_leggings":1,"minecraft:wooden_sword":2,"minecraft:iron_sword":1,"minecraft:wooden_axe":2,"minecraft:wooden_pickaxe":1,"minecraft:iron_axe":1,"minecraft:iron_pickaxe":1,"minecraft:iron_helmet":1},"minecraft:picked_up":{"minecraft:wooden_axe":1,"minecraft:iron_chestplate":1,"minecraft:wheat":70,"minecraft:chainmail_boots":1,"iceandfire:copper_sword":1,"minecraft:wither_rose":1,"iceandfire:manuscript":16,"minecraft:polished_blackstone_brick_stairs":1,"minecraft:string":95,"minecraft:smooth_stone_slab":5,"minecraft:iron_leggings":1,"minecraft:sea_pickle":2,"minecraft:gold_nugget":58,"comforts:sleeping_bag_white":10,"minecraft:smooth_quartz":9,"minecraft:coal_block":4,"minecraft:furnace":1,"minecraft:iron_boots":1,"minecraft:stick":8,"iceandfire:ghost_chest":3,"minecraft:oak_fence":2,"minecraft:torch":18,"minecraft:green_bed":1,"epicfight:skillbook":6,"minecraft:porkchop":27,"minecraft:diorite":4,"minecraft:golden_chestplate":1,"minecraft:rotten_flesh":157,"minecraft:snowball":104,"minecraft:cobblestone":41,"minecraft:birch_log":16,"minecraft:cooked_beef":26,"minecraft:feather":5,"minecraft:brown_wool":1,"minecraft:chiseled_quartz_block":7,"minecraft:smoker":2,"minecraft:potato":1,"minecraft:flint":4,"minecraft:gray_concrete":4,"minecraft:dirt":49,"minecraft:bone":66,"minecraft:chipped_anvil":1,"minecraft:bow":1,"minecraft:wheat_seeds":208,"minecraft:chiseled_polished_blackstone":2,"minecraft:cooked_porkchop":15,"minecraft:sand":27,"iceandfire:stymphalian_bird_feather":1,"minecraft:ink_sac":6,"minecraft:mossy_cobblestone":3,"minecraft:light_gray_concrete":3,"minecraft:cracked_polished_blackstone_bricks":7,"minecraft:netherrack":340,"iceandfire:seaserpent_skull":1,"minecraft:oak_sapling":13,"minecraft:light_gray_carpet":1,"iceandfire:silver_nugget":16,"minecraft:oak_leaves":65,"minecraft:crimson_roots":1,"minecraft:diamond_pickaxe":1,"iceandfire:copper_ingot":1,"minecraft:crafting_table":16,"minecraft:coarse_dirt":1,"minecraft:chicken":4,"minecraft:gold_block":19,"iceandfire:sea_serpent_scales_blue":13,"minecraft:blackstone":54,"iceandfire:graveyard_soil":6,"minecraft:beef":67,"shiny_gems_and_ores:sapphire":3,"minecraft:oak_boat":4,"minecraft:iron_nugget":15,"minecraft:spruce_slab":7,"minecraft:light_gray_wool":2,"minecraft:lectern":1,"minecraft:chest":2,"minecraft:birch_sapling":6,"minecraft:piston":2,"minecraft:egg":2,"iceandfire:deathworm_chitin_red":6,"minecraft:fire_charge":1,"minecraft:polished_blackstone_bricks":13,"minecraft:carrot":1,"minecraft:tnt":2,"iceandfire:silver_ingot":8,"minecraft:arrow":41,"minecraft:mutton":67,"minecraft:skeleton_skull":2,"minecraft:white_wool":45,"minecraft:basalt":1,"iceandfire:sea_serpent_fang":11,"minecraft:salmon":4,"minecraft:leather":38,"minecraft:oak_log":48,"minecraft:lily_pad":9,"minecraft:ancient_debris":1,"iceandfire:ectoplasm":15,"minecraft:yellow_bed":1,"minecraft:gunpowder":2,"minecraft:cooked_mutton":4,"minecraft:apple":3,"minecraft:iron_ingot":4,"minecraft:iron_ore":36,"minecraft:soul_sand":22,"minecraft:iron_sword":3,"minecraft:book":42,"minecraft:polished_andesite_stairs":2,"minecraft:sweet_berries":2,"shinys_guilled_armor:guhille_white_leggings":1,"minecraft:quartz":8,"minecraft:gravel":16,"shinys_guilled_armor:guhille_white_helmet":1,"minecraft:crying_obsidian":2,"minecraft:spider_eye":6,"minecraft:leather_helmet":1,"minecraft:chainmail_leggings":1,"minecraft:coal":100,"minecraft:ender_pearl":3},"minecraft:mined":{"iceandfire:graveyard_soil":2,"minecraft:chiseled_polished_blackstone":2,"minecraft:grass_block":16,"minecraft:cracked_polished_blackstone_bricks":7,"minecraft:coal_block":4,"minecraft:spawner":23,"comforts:sleeping_bag_white":2,"minecraft:polished_blackstone_bricks":11,"minecraft:magma_block":11,"minecraft:iron_ore":36,"minecraft:fire":13,"iceandfire:gold_pile":5,"minecraft:light_gray_concrete":6,"minecraft:spruce_slab":6,"minecraft:tripwire":2,"minecraft:green_bed":1,"lootr:lootr_chest":6,"shiny_gems_and_ores:sapphire_ore":3,"minecraft:blackstone":59,"minecraft:smoker":2,"minecraft:chiseled_quartz_block":7,"minecraft:polished_andesite_stairs":1,"iceandfire:ghost_chest":3,"minecraft:nether_quartz_ore":10,"minecraft:cobblestone":10,"minecraft:wall_torch":18,"minecraft:birch_log":11,"minecraft:light_gray_stained_glass":5,"minecraft:tnt":3,"minecraft:wither_rose":1,"minecraft:stone_brick_stairs":1,"minecraft:smooth_stone_slab":6,"minecraft:grass":15,"minecraft:oak_log":39,"minecraft:dirt":4,"minecraft:sand":27,"minecraft:smooth_quartz":9,"minecraft:dispenser":1,"minecraft:netherrack":723,"minecraft:ancient_debris":21,"minecraft:piston":2,"minecraft:oak_leaves":70,"minecraft:mossy_cobblestone":3,"minecraft:dark_oak_leaves":3,"minecraft:crimson_roots":1,"minecraft:spruce_leaves":9,"minecraft:large_fern":1,"minecraft:furnace":1,"minecraft:snow":104,"minecraft:gold_block":20,"minecraft:bookshelf":14,"minecraft:vine":1,"minecraft:stone":32,"minecraft:white_wool":28,"minecraft:light_gray_carpet":1,"minecraft:gray_concrete":4,"minecraft:soul_sand":24,"minecraft:basalt":1,"minecraft:oak_fence":1,"minecraft:crafting_table":16,"minecraft:lectern":1,"minecraft:tall_grass":3,"minecraft:polished_blackstone_brick_stairs":1,"minecraft:diorite":4,"minecraft:air":8,"minecraft:coarse_dirt":1,"minecraft:sea_pickle":1,"minecraft:sweet_berry_bush":3,"minecraft:yellow_bed":1,"minecraft:coal_ore":61,"iceandfire:silver_pile":3,"minecraft:gravel":1,"minecraft:cobweb":82,"minecraft:chipped_anvil":1,"minecraft:iron_trapdoor":1},"minecraft:crafted":{"shinys_guilled_armor:guhille_green_helmet":1,"minecraft:oak_planks":88,"usefulbackpacks:backpack_small":2,"shinys_guilled_armor:guhille_brown_leggings":1,"minecraft:cooked_mutton":24,"minecraft:bow":1,"shinys_guilled_armor:guhille_brown_chestplate":1,"minecraft:smoker":1,"minecraft:wooden_shovel":1,"minecraft:cooked_porkchop":4,"minecraft:crafting_table":5,"minecraft:wooden_pickaxe":1,"minecraft:iron_helmet":1,"minecraft:birch_planks":12,"minecraft:iron_chestplate":1,"minecraft:stick":24,"usefulbackpacks:backpack_large":2,"minecraft:iron_ingot":23,"minecraft:iron_pickaxe":1,"minecraft:snow_block":26,"minecraft:gold_ingot":4,"minecraft:shears":1,"minecraft:wooden_sword":2,"shinys_guilled_armor:guhille_green_chestplate":1,"comforts:sleeping_bag_white":1,"minecraft:furnace":2,"shinys_guilled_armor:guhille_white_boots":1,"shinys_guilled_armor:guhille_white_chestplate":1,"minecraft:flint_and_steel":1,"shinys_guilled_armor:guhille_brown_boots":1,"minecraft:stone_pickaxe":1,"usefulbackpacks:backpack_medium":2,"shinys_guilled_armor:guhille_brown_helmet":1,"minecraft:bucket":1,"minecraft:stone_axe":1,"shinys_guilled_armor:guhille_white_helmet":1,"minecraft:bread":23,"minecraft:air":0,"epicfight:iron_tachi":1,"minecraft:oak_boat":3,"shinys_guilled_armor:guhille_green_boots":1,"minecraft:golden_apple":2,"shinys_guilled_armor:guhille_white_leggings":1,"minecraft:wooden_axe":6,"minecraft:iron_shovel":1,"shinys_guilled_armor:guhille_green_leggings":1,"minecraft:white_bed":2,"minecraft:torch":8},"minecraft:killed":{"minecraft:cave_spider":11,"minecraft:witch":1,"minecraft:spider":6,"iceandfire:stymphalian_bird":1,"minecraft:skeleton":42,"minecraft:chicken":5,"minecraft:piglin_brute":2,"minecraft:wolf":1,"minecraft:piglin":6,"minecraft:pig":12,"minecraft:zombie_villager":1,"minecraft:salmon":1,"minecraft:creeper":1,"minecraft:sheep":32,"minecraft:pillager":9,"minecraft:zombie":152,"iceandfire:sea_serpent":1,"minecraft:cow":37,"minecraft:vindicator":1,"minecraft:llama":1,"iceandfire:deathworm":1,"minecraft:bat":1,"minecraft:hoglin":8,"minecraft:squid":2,"iceandfire:ghost":2},"minecraft:killed_by":{"minecraft:creeper":1,"iceandfire:sea_serpent":1,"minecraft:vindicator":1,"minecraft:zombie":1,"iceandfire:hydra":4,"minecraft:skeleton":3},"minecraft:dropped":{"minecraft:oak_log":1,"minecraft:ender_pearl":1,"shiny_gems_and_ores:sapphire":3,"iceandfire:ectoplasm":1,"minecraft:leather_helmet":1,"minecraft:gold_block":1,"minecraft:polished_blackstone_brick_stairs":1,"minecraft:sand":3,"minecraft:polished_blackstone_bricks":6,"minecraft:gold_ingot":3,"minecraft:bone":4,"minecraft:chiseled_polished_blackstone":1,"minecraft:blackstone":2,"minecraft:ancient_debris":1,"minecraft:golden_chestplate":1,"minecraft:rotten_flesh":6,"minecraft:light_gray_carpet":1,"minecraft:leather_boots":1,"minecraft:arrow":1,"minecraft:oak_leaves":41,"minecraft:netherrack":161,"minecraft:wheat_seeds":204,"minecraft:mossy_cobblestone":2,"minecraft:oak_fence":2,"minecraft:cobblestone":2,"minecraft:torch":1,"minecraft:wooden_axe":2,"minecraft:fire_charge":1,"minecraft:polished_andesite_stairs":2,"minecraft:lily_pad":9,"minecraft:light_gray_wool":1,"minecraft:flint_and_steel":1,"minecraft:filled_map":1,"iceandfire:copper_sword":1,"minecraft:diamond_pickaxe":1,"minecraft:spider_eye":3},"minecraft:custom":{"lootr:looted_stat":55,"minecraft:interact_with_crafting_table":53,"minecraft:open_barrel":2,"minecraft:bell_ring":24,"minecraft:leave_game":3,"minecraft:time_since_death":108749,"minecraft:sprint_one_cm":581544,"minecraft:drop":72,"minecraft:deaths":11,"minecraft:jump":4834,"minecraft:walk_on_water_one_cm":107380,"minecraft:interact_with_furnace":13,"minecraft:play_one_minute":314681,"minecraft:sleep_in_bed":9,"minecraft:waystone_activated":3,"minecraft:damage_dealt":40002,"minecraft:crouch_one_cm":41764,"minecraft:interact_with_smoker":11,"minecraft:mob_kills":339,"minecraft:climb_one_cm":17585,"minecraft:walk_one_cm":1125392,"minecraft:damage_dealt_absorbed":802,"minecraft:sneak_time":13112,"minecraft:walk_under_water_one_cm":43121,"minecraft:boat_one_cm":176146,"minecraft:time_since_rest":77805,"minecraft:damage_taken":7791,"minecraft:damage_absorbed":158,"minecraft:trigger_trapped_chest":2,"minecraft:swim_one_cm":72998,"minecraft:fly_one_cm":755826,"minecraft:open_chest":2,"minecraft:fall_one_cm":95844},"minecraft:used":{"minecraft:iron_shovel":138,"minecraft:iron_sword":252,"minecraft:soul_sand":9,"minecraft:mutton":7,"minecraft:obsidian":5,"minecraft:bow":25,"minecraft:sweet_berries":2,"minecraft:furnace":1,"minecraft:egg":1,"epicfight:skillbook":2,"minecraft:diorite":2,"minecraft:stone_pickaxe":94,"minecraft:blackstone":12,"minecraft:ender_pearl":1,"minecraft:wooden_pickaxe":46,"minecraft:golden_apple":5,"minecraft:shears":92,"epicfight:iron_tachi":20,"minecraft:crying_obsidian":2,"minecraft:bread":24,"minecraft:diamond_sword":409,"minecraft:wooden_sword":114,"minecraft:birch_log":8,"minecraft:oak_boat":6,"minecraft:air":8,"minecraft:stone_sword":2,"minecraft:flint_and_steel":1,"minecraft:wooden_shovel":59,"minecraft:netherrack":66,"minecraft:torch":36,"minecraft:dirt":19,"minecraft:wooden_axe":90,"minecraft:iron_axe":238,"minecraft:beef":20,"comforts:sleeping_bag_white":10,"minecraft:cooked_beef":16,"minecraft:wheat_seeds":4,"minecraft:cooked_mutton":28,"minecraft:water_bucket":4,"minecraft:green_bed":1,"minecraft:polished_blackstone_bricks":3,"minecraft:tnt":25,"minecraft:crafting_table":20,"minecraft:white_bed":2,"minecraft:smoker":2,"minecraft:oak_log":27,"minecraft:diamond_pickaxe":728,"minecraft:apple":3,"minecraft:cracked_polished_blackstone_bricks":5,"minecraft:iron_pickaxe":247,"minecraft:map":1,"minecraft:stone_axe":28,"minecraft:cooked_porkchop":4,"minecraft:bucket":5}},"DataVersion":2586}