{"stats":{"minecraft:used":{"minecraft:shield":20,"minecraft:torch":12,"minecraft:dirt":3,"minecraft:carrot":1,"blue_skies:zeal_lighter":3,"minecraft:wooden_axe":19,"minecraft:iron_axe":148,"minecraft:birch_sapling":8,"minecraft:smooth_sandstone":17,"minecraft:oak_sapling":8,"comforts:sleeping_bag_white":9,"blue_skies:moonstone":3,"minecraft:birch_planks":5,"minecraft:stone_pickaxe":129,"minecraft:wooden_pickaxe":41,"minecraft:sandstone":18,"minecraft:composter":1,"minecraft:gold_ore":1,"minecraft:sand":5,"minecraft:crafting_table":9,"minecraft:red_bed":1,"minecraft:oak_log":33,"minecraft:dark_prismarine":2,"minecraft:diamond_pickaxe":6,"minecraft:apple":2,"minecraft:bread":25,"minecraft:iron_pickaxe":161,"minecraft:stone_axe":55,"minecraft:diamond_sword":141,"minecraft:wooden_sword":51,"minecraft:cobblestone":39,"minecraft:cooked_porkchop":11,"minecraft:birch_log":15},"minecraft:mined":{"minecraft:dark_prismarine":3,"minecraft:cut_sandstone_slab":3,"minecraft:stone_pressure_plate":3,"minecraft:mossy_cobblestone":3,"blue_skies:moonstone":3,"minecraft:brewing_stand":1,"gravestone:gravestone":1,"minecraft:grass_block":14,"minecraft:kelp":10,"minecraft:composter":1,"minecraft:sandstone":21,"minecraft:spawner":15,"comforts:sleeping_bag_white":2,"minecraft:hay_block":27,"minecraft:tall_seagrass":4,"minecraft:furnace":2,"minecraft:fire":3,"minecraft:iron_ore":49,"minecraft:andesite":8,"minecraft:gold_block":1,"minecraft:bookshelf":2,"blue_skies:spider_webbing":5,"minecraft:vine":2,"minecraft:iron_bars":2,"minecraft:smooth_sandstone_stairs":5,"minecraft:stone":66,"minecraft:tripwire":2,"minecraft:redstone_wall_torch":3,"minecraft:cut_sandstone":7,"lootr:lootr_barrel":5,"lootr:lootr_chest":11,"minecraft:red_bed":1,"minecraft:kelp_plant":76,"minecraft:smooth_sandstone":29,"minecraft:crafting_table":8,"minecraft:torch":5,"minecraft:blast_furnace":1,"minecraft:rose_bush":3,"minecraft:dead_bush":1,"minecraft:tall_grass":2,"minecraft:cobblestone":8,"minecraft:red_glazed_terracotta":2,"blue_skies:lunar_grass":4,"minecraft:sugar_cane":5,"minecraft:diorite":5,"minecraft:wall_torch":5,"minecraft:cauldron":1,"minecraft:seagrass":2,"minecraft:blue_terracotta":3,"minecraft:birch_log":15,"minecraft:ice":1,"minecraft:birch_leaves":2,"minecraft:tnt":4,"minecraft:grass":12,"minecraft:oak_log":37,"minecraft:coal_ore":85,"minecraft:sand":5,"lootr:lootr_trapped_chest":1,"minecraft:dirt":10,"minecraft:cobweb":11,"minecraft:terracotta":4,"minecraft:polished_andesite":2,"minecraft:cut_red_sandstone":3,"minecraft:oak_leaves":3},"minecraft:picked_up":{"minecraft:crafting_table":9,"minecraft:chicken":6,"apotheosis:rare_tome":2,"apotheosis:weapon_book":1,"minecraft:stone_brick_wall":3,"minecraft:gold_block":1,"minecraft:brewing_stand":1,"minecraft:string":23,"minecraft:red_bed":1,"minecraft:item_frame":4,"apotheosis:scrap_tome":1,"comforts:sleeping_bag_white":9,"apotheosis:armor_feet_book":1,"minecraft:beef":29,"minecraft:rose_bush":2,"minecraft:redstone_torch":3,"blue_skies:bug_guts":4,"minecraft:light_gray_wool":3,"minecraft:chest":2,"minecraft:sugar_cane":13,"minecraft:birch_sapling":8,"minecraft:furnace":2,"minecraft:egg":1,"minecraft:stick":17,"minecraft:sandstone":21,"minecraft:composter":1,"minecraft:torch":10,"minecraft:porkchop":17,"apotheosis:common_tome":1,"minecraft:diorite":5,"minecraft:carrot":1,"minecraft:stone_pressure_plate":2,"minecraft:cauldron":1,"minecraft:tnt":2,"minecraft:rotten_flesh":17,"minecraft:arrow":14,"minecraft:hay_block":27,"minecraft:mutton":54,"minecraft:iron_bars":2,"minecraft:cobblestone":70,"minecraft:white_wool":30,"minecraft:birch_log":15,"minecraft:feather":4,"minecraft:red_glazed_terracotta":2,"minecraft:andesite":7,"minecraft:cut_sandstone":6,"minecraft:leather":16,"blue_skies:moonstone":3,"minecraft:smooth_sandstone_stairs":5,"minecraft:oak_log":37,"minecraft:dirt":18,"minecraft:smooth_sandstone":27,"minecraft:bone":20,"minecraft:apple":2,"minecraft:kelp":525,"minecraft:bow":3,"minecraft:rabbit_hide":6,"minecraft:iron_ingot":4,"minecraft:cooked_chicken":1,"minecraft:iron_ore":49,"apotheosis:digger_book":1,"minecraft:rabbit":4,"minecraft:book":3,"apotheosis:null_book":1,"minecraft:sand":5,"minecraft:blast_furnace":1,"minecraft:barrel":1,"minecraft:spider_eye":1,"minecraft:mossy_cobblestone":1,"minecraft:dark_prismarine":2,"minecraft:cut_red_sandstone":2,"minecraft:polished_andesite":7,"minecraft:blue_terracotta":3,"minecraft:bone_meal":21,"minecraft:gray_wool":1,"minecraft:terracotta":4,"minecraft:oak_sapling":9,"minecraft:black_wool":1,"minecraft:coal":89},"minecraft:dropped":{"minecraft:dirt":15,"minecraft:string":1,"minecraft:oak_planks":2,"minecraft:stone_brick_wall":3,"minecraft:spider_eye":1,"minecraft:egg":1},"minecraft:broken":{"minecraft:iron_axe":1,"minecraft:wooden_axe":1},"minecraft:killed":{"minecraft:witch":1,"minecraft:spider":5,"blue_skies:venom_spider":1,"minecraft:skeleton":17,"minecraft:chicken":4,"blue_skies:emberback":1,"minecraft:drowned":1,"minecraft:piglin_brute":8,"minecraft:piglin":3,"minecraft:husk":16,"minecraft:pig":8,"minecraft:rabbit":12,"minecraft:sheep":36,"minecraft:zombie":2,"minecraft:cow":15},"minecraft:custom":{"lootr:looted_stat":43,"minecraft:mob_kills":130,"minecraft:interact_with_crafting_table":25,"minecraft:open_barrel":12,"minecraft:leave_game":3,"minecraft:time_since_death":130393,"minecraft:climb_one_cm":12374,"minecraft:sprint_one_cm":350835,"minecraft:walk_one_cm":512298,"minecraft:damage_blocked_by_shield":575,"minecraft:drop":9,"minecraft:talked_to_villager":5,"minecraft:sneak_time":3850,"minecraft:deaths":1,"minecraft:walk_under_water_one_cm":18317,"minecraft:interact_with_brewingstand":2,"minecraft:jump":2733,"minecraft:interact_with_blast_furnace":4,"minecraft:walk_on_water_one_cm":34531,"minecraft:interact_with_furnace":42,"minecraft:traded_with_villager":3,"minecraft:play_one_minute":173801,"minecraft:sleep_in_bed":8,"minecraft:time_since_rest":12219,"minecraft:waystone_activated":1,"minecraft:damage_taken":1823,"minecraft:trigger_trapped_chest":1,"minecraft:damage_dealt":17442,"minecraft:swim_one_cm":76557,"minecraft:fly_one_cm":580470,"minecraft:open_chest":2,"minecraft:crouch_one_cm":7392,"minecraft:interact_with_smoker":1,"minecraft:fall_one_cm":72111},"minecraft:crafted":{"minecraft:wooden_sword":1,"minecraft:oak_planks":148,"comforts:sleeping_bag_white":1,"minecraft:cooked_chicken":1,"minecraft:birch_slab":12,"usefulbackpacks:backpack_small":1,"blue_skies:zeal_lighter":1,"minecraft:iron_boots":1,"minecraft:iron_axe":1,"minecraft:stone_pickaxe":1,"usefulbackpacks:backpack_medium":1,"backpacked:backpack":1,"minecraft:wheat":162,"minecraft:cooked_beef":19,"blue_skies:blue_journal":2,"minecraft:cooked_porkchop":17,"minecraft:crafting_table":2,"minecraft:wooden_pickaxe":1,"minecraft:bucket":1,"minecraft:birch_planks":60,"minecraft:stone_axe":1,"minecraft:bread":54,"minecraft:air":0,"minecraft:iron_chestplate":1,"minecraft:shield":1,"minecraft:stick":8,"usefulbackpacks:backpack_large":1,"minecraft:iron_ingot":45,"minecraft:iron_pickaxe":1,"minecraft:wooden_axe":1,"minecraft:iron_leggings":1,"minecraft:composter":1,"minecraft:torch":4}},"DataVersion":2586}