{"stats":{"minecraft:killed_by":{"minecraft:creeper":1,"iceandfire:sea_serpent":1,"minecraft:vindicator":2,"minecraft:zombie":1,"iceandfire:hydra":4,"minecraft:skeleton":3},"minecraft:broken":{"minecraft:wooden_shovel":1,"minecraft:iron_boots":2,"minecraft:iron_leggings":1,"minecraft:wooden_sword":2,"minecraft:iron_sword":1,"minecraft:wooden_axe":2,"minecraft:golden_hoe":1,"minecraft:wooden_pickaxe":1,"minecraft:iron_axe":1,"minecraft:iron_pickaxe":1,"minecraft:iron_helmet":1},"minecraft:dropped":{"minecraft:brown_mushroom":4,"minecraft:oak_log":11,"minecraft:ender_pearl":1,"shiny_gems_and_ores:sapphire":3,"iceandfire:ectoplasm":1,"minecraft:cracked_stone_bricks":2,"minecraft:leather_helmet":1,"minecraft:red_mushroom":1,"minecraft:gold_block":1,"minecraft:dirt":1,"minecraft:polished_blackstone_brick_stairs":1,"minecraft:sand":18,"minecraft:polished_blackstone_bricks":6,"minecraft:bone":16,"minecraft:gold_ingot":3,"twilightforest:nagastone_pillar_weathered":1,"minecraft:chiseled_polished_blackstone":1,"minecraft:blackstone":2,"minecraft:ancient_debris":1,"minecraft:golden_chestplate":1,"minecraft:rotten_flesh":16,"minecraft:light_gray_carpet":1,"minecraft:cooked_mutton":14,"minecraft:azure_bluet":1,"iceandfire:armor_silver_metal_boots":1,"minecraft:leather_boots":1,"minecraft:arrow":59,"minecraft:oak_leaves":41,"minecraft:netherrack":161,"minecraft:egg":2,"minecraft:iron_ingot":1,"minecraft:netherite_pickaxe":1,"minecraft:wheat_seeds":205,"twilightforest:canopy_sapling":1,"minecraft:mossy_cobblestone":2,"minecraft:netherite_chestplate":1,"minecraft:feather":2,"minecraft:oak_fence":2,"minecraft:cobblestone":2,"minecraft:book":1,"minecraft:spectral_arrow":42,"minecraft:polished_blackstone_stairs":2,"minecraft:torch":1,"minecraft:wooden_axe":2,"iceandfire:armor_silver_metal_chestplate":1,"minecraft:fire_charge":1,"minecraft:polished_andesite_stairs":2,"minecraft:lily_pad":9,"iceandfire:dragonbone":3,"iceandfire:silver_nugget":14,"minecraft:furnace":1,"minecraft:smooth_stone_slab":2,"iceandfire:witherbone":2,"minecraft:light_gray_wool":1,"minecraft:red_terracotta":5,"minecraft:flint_and_steel":1,"minecraft:diamond_sword":3,"minecraft:filled_map":1,"iceandfire:troll_weapon_hammer":1,"minecraft:cobblestone_slab":2,"minecraft:shield":2,"iceandfire:copper_sword":1,"minecraft:diamond_pickaxe":1,"minecraft:golden_leggings":1,"minecraft:stone_bricks":2,"minecraft:spider_eye":3,"minecraft:spruce_log":1,"minecraft:bow":2,"minecraft:stone_pickaxe":1,"waystones:waystone":1},"minecraft:picked_up":{"minecraft:wooden_axe":1,"minecraft:iron_chestplate":1,"minecraft:wheat":70,"iceandfire:troll_weapon_hammer":1,"minecraft:chainmail_boots":1,"iceandfire:copper_sword":1,"minecraft:diamond_sword":2,"minecraft:wither_rose":2,"iceandfire:manuscript":16,"minecraft:polished_blackstone_brick_stairs":1,"minecraft:string":134,"minecraft:smooth_stone_slab":7,"minecraft:iron_leggings":1,"minecraft:sea_pickle":2,"minecraft:gold_nugget":58,"comforts:sleeping_bag_white":25,"minecraft:cobblestone_slab":2,"minecraft:iron_pickaxe":1,"minecraft:smooth_quartz":10,"minecraft:coal_block":4,"minecraft:iron_boots":1,"minecraft:furnace":1,"minecraft:stick":42,"iceandfire:ghost_chest":3,"minecraft:oak_fence":2,"minecraft:torch":28,"minecraft:green_bed":1,"epicfight:skillbook":8,"minecraft:porkchop":37,"twilightforest:nagastone_pillar_weathered":1,"iceandfire:rotten_egg":1,"minecraft:diorite":4,"minecraft:golden_chestplate":1,"minecraft:rotten_flesh":188,"minecraft:netherite_chestplate":4,"minecraft:blaze_rod":15,"minecraft:snowball":104,"minecraft:cobblestone":45,"minecraft:birch_log":38,"minecraft:feather":11,"minecraft:cooked_beef":35,"minecraft:magma_cream":15,"minecraft:brown_wool":2,"minecraft:golden_leggings":3,"minecraft:chiseled_quartz_block":7,"minecraft:smoker":2,"minecraft:potato":2,"minecraft:flint":4,"minecraft:wither_skeleton_skull":1,"minecraft:gray_concrete":4,"minecraft:dirt":55,"twilightforest:canopy_sapling":1,"minecraft:bone":99,"minecraft:chipped_anvil":1,"morevillagers:oceanography_table":1,"minecraft:bow":4,"minecraft:wheat_seeds":212,"minecraft:chiseled_polished_blackstone":2,"minecraft:cooked_porkchop":20,"minecraft:sand":28,"minecraft:stripped_spruce_log":6,"iceandfire:stymphalian_bird_feather":1,"minecraft:ink_sac":6,"minecraft:mossy_cobblestone":3,"minecraft:light_gray_concrete":9,"iceandfire:lectern":1,"waystones:waystone":1,"minecraft:cracked_polished_blackstone_bricks":7,"iceandfire:troll_leather_forest":6,"minecraft:crossbow":1,"iceandfire:seaserpent_skull":1,"minecraft:emerald":46,"iceandfire:gorgon_head":1,"minecraft:oak_sapling":62,"minecraft:light_gray_carpet":1,"minecraft:netherrack":356,"iceandfire:silver_nugget":30,"minecraft:oak_leaves":65,"minecraft:crimson_roots":1,"minecraft:diamond_pickaxe":1,"iceandfire:copper_ingot":1,"minecraft:coarse_dirt":1,"minecraft:crafting_table":17,"minecraft:azure_bluet":1,"iceandfire:witherbone":2,"minecraft:chicken":7,"minecraft:brown_mushroom":4,"minecraft:pink_wool":1,"minecraft:gold_block":19,"morevillagers:woodworking_table":2,"minecraft:shield":1,"iceandfire:sea_serpent_scales_blue":13,"minecraft:iron_axe":1,"minecraft:blackstone":54,"iceandfire:graveyard_soil":6,"minecraft:cracked_stone_bricks":1,"minecraft:beef":75,"shiny_gems_and_ores:sapphire":3,"minecraft:oak_boat":4,"minecraft:iron_nugget":15,"minecraft:light_gray_wool":4,"minecraft:spruce_slab":7,"minecraft:lectern":72,"minecraft:chest":3,"minecraft:birch_sapling":14,"minecraft:piston":2,"iceandfire:ice_dragon_heart":1,"minecraft:egg":7,"iceandfire:dragonbone":6,"iceandfire:deathworm_chitin_red":6,"minecraft:fire_charge":1,"minecraft:polished_blackstone_bricks":13,"minecraft:carrot":1,"minecraft:netherite_pickaxe":4,"minecraft:tnt":2,"iceandfire:silver_ingot":8,"minecraft:arrow":63,"minecraft:hay_block":78,"minecraft:totem_of_undying":1,"minecraft:mutton":76,"minecraft:skeleton_skull":2,"minecraft:white_wool":57,"minecraft:netherite_boots":3,"minecraft:air":0,"minecraft:basalt":1,"iceandfire:sea_serpent_fang":22,"minecraft:salmon":4,"minecraft:leather":51,"minecraft:red_mushroom":2,"minecraft:oak_log":135,"minecraft:lily_pad":9,"minecraft:ancient_debris":1,"iceandfire:ectoplasm":15,"minecraft:yellow_bed":1,"minecraft:gunpowder":15,"iceandfire:dragonscales_blue":9,"minecraft:white_banner":2,"minecraft:cooked_mutton":13,"minecraft:apple":5,"minecraft:stone_bricks":5,"minecraft:iron_ingot":5,"minecraft:cooked_chicken":1,"minecraft:iron_ore":38,"minecraft:iron_sword":3,"minecraft:soul_sand":22,"minecraft:book":123,"minecraft:oak_slab":1,"minecraft:polished_andesite_stairs":2,"minecraft:pumpkin":1,"minecraft:sweet_berries":2,"shinys_guilled_armor:guhille_white_leggings":1,"minecraft:quartz":8,"minecraft:gravel":16,"shinys_guilled_armor:guhille_white_helmet":1,"minecraft:spruce_sapling":6,"minecraft:spruce_log":1,"minecraft:crying_obsidian":2,"minecraft:spider_eye":18,"minecraft:leather_helmet":1,"minecraft:slime_ball":5,"minecraft:chainmail_leggings":1,"iceandfire:sea_serpent_scales_red":2,"minecraft:gray_wool":1,"iceandfire:ice_dragon_flesh":1,"minecraft:coal":144,"minecraft:ender_pearl":3},"minecraft:killed":{"twilightforest:hostile_wolf":4,"minecraft:cave_spider":40,"minecraft:witch":1,"iceandfire:gorgon":1,"minecraft:spider":25,"iceandfire:stymphalian_bird":1,"minecraft:skeleton":71,"minecraft:bee":2,"twilightforest:pinch_beetle":10,"minecraft:chicken":9,"minecraft:piglin_brute":34,"minecraft:wolf":1,"minecraft:magma_cube":228,"minecraft:piglin":6,"twilightforest:slime_beetle":7,"minecraft:pig":17,"minecraft:zombie_villager":1,"minecraft:salmon":1,"minecraft:creeper":17,"minecraft:sheep":42,"twilightforest:redcap":7,"minecraft:pillager":31,"minecraft:zombie":198,"iceandfire:sea_serpent":2,"minecraft:blaze":25,"minecraft:cow":44,"minecraft:vex":3,"minecraft:evoker":1,"minecraft:vindicator":6,"minecraft:phantom":4,"minecraft:horse":1,"twilightforest:fire_beetle":5,"minecraft:llama":1,"iceandfire:deathworm":1,"iceandfire:troll":2,"minecraft:bat":1,"minecraft:hoglin":11,"minecraft:squid":2,"iceandfire:ghost":3,"iceandfire:ice_dragon":1,"minecraft:wither_skeleton":13,"twilightforest:bighorn_sheep":2},"minecraft:crafted":{"shinys_guilled_armor:guhille_green_helmet":1,"minecraft:oak_planks":184,"minecraft:cooked_chicken":5,"usefulbackpacks:backpack_small":3,"minecraft:bookshelf":1,"shinys_guilled_armor:guhille_brown_leggings":1,"minecraft:cooked_mutton":36,"minecraft:diamond_helmet":1,"minecraft:bow":6,"minecraft:netherite_boots":2,"minecraft:netherite_helmet":1,"shinys_guilled_armor:guhille_brown_chestplate":1,"minecraft:smoker":1,"minecraft:oak_slab":36,"minecraft:wooden_shovel":1,"minecraft:emerald":23,"minecraft:cooked_porkchop":27,"minecraft:crafting_table":12,"minecraft:spruce_planks":24,"minecraft:wooden_pickaxe":1,"minecraft:iron_helmet":1,"minecraft:smithing_table":2,"minecraft:birch_planks":12,"minecraft:lectern":1,"minecraft:iron_chestplate":1,"minecraft:shield":3,"minecraft:stick":24,"usefulbackpacks:backpack_large":3,"minecraft:iron_ingot":23,"minecraft:iron_pickaxe":1,"minecraft:snow_block":26,"minecraft:gold_ingot":13,"minecraft:netherite_ingot":2,"minecraft:shears":1,"minecraft:wooden_sword":2,"minecraft:oak_door":3,"shinys_guilled_armor:guhille_green_chestplate":1,"minecraft:netherite_sword":1,"comforts:sleeping_bag_white":1,"minecraft:furnace":3,"shinys_guilled_armor:guhille_white_boots":1,"shinys_guilled_armor:guhille_white_chestplate":1,"minecraft:flint_and_steel":1,"minecraft:netherite_chestplate":2,"shinys_guilled_armor:guhille_brown_boots":1,"minecraft:netherite_leggings":1,"minecraft:stone_pickaxe":1,"usefulbackpacks:backpack_medium":3,"minecraft:netherite_scrap":2,"shinys_guilled_armor:guhille_brown_helmet":1,"minecraft:wheat":387,"minecraft:cooked_beef":38,"minecraft:netherite_pickaxe":2,"minecraft:bucket":1,"minecraft:stone_axe":1,"shinys_guilled_armor:guhille_white_helmet":1,"minecraft:enchanted_book":2,"minecraft:air":0,"minecraft:bread":152,"epicfight:iron_tachi":1,"minecraft:oak_boat":4,"shinys_guilled_armor:guhille_green_boots":1,"minecraft:white_wool":9,"minecraft:golden_apple":2,"shinys_guilled_armor:guhille_white_leggings":1,"minecraft:wooden_axe":6,"minecraft:iron_shovel":1,"minecraft:anvil":1,"shinys_guilled_armor:guhille_green_leggings":1,"minecraft:white_bed":3,"minecraft:torch":8,"minecraft:blackstone_slab":6},"minecraft:used":{"morevillagers:woodworking_table":1,"minecraft:iron_shovel":138,"minecraft:chest":1,"minecraft:shield":50,"minecraft:iron_sword":293,"minecraft:soul_sand":9,"minecraft:mutton":7,"minecraft:obsidian":5,"minecraft:pink_wool":1,"minecraft:stone_bricks":3,"minecraft:bow":261,"minecraft:sweet_berries":2,"minecraft:furnace":3,"morevillagers:oceanography_table":1,"minecraft:egg":4,"epicfight:skillbook":16,"minecraft:diorite":2,"minecraft:stone_pickaxe":94,"minecraft:oak_planks":5,"minecraft:blackstone":12,"minecraft:ender_pearl":1,"minecraft:wooden_pickaxe":46,"minecraft:white_wool":6,"minecraft:golden_hoe":32,"minecraft:golden_apple":14,"minecraft:shears":92,"epicfight:iron_tachi":28,"waystones:waystone":1,"minecraft:crying_obsidian":2,"minecraft:bread":63,"minecraft:brown_wool":1,"minecraft:lectern":73,"minecraft:blackstone_slab":2,"minecraft:diamond_sword":1282,"minecraft:wooden_sword":114,"minecraft:smithing_table":2,"minecraft:oak_boat":7,"minecraft:birch_log":19,"minecraft:air":26,"minecraft:experience_bottle":8,"minecraft:netherite_sword":407,"minecraft:stone_sword":2,"minecraft:flint_and_steel":1,"minecraft:wooden_shovel":59,"minecraft:cooked_chicken":6,"minecraft:netherrack":281,"minecraft:oak_door":1,"minecraft:torch":40,"minecraft:dirt":21,"minecraft:anvil":1,"minecraft:wooden_axe":90,"minecraft:chipped_anvil":1,"minecraft:iron_axe":358,"carryon:entity_item":1,"minecraft:light_gray_wool":1,"minecraft:golden_carrot":12,"minecraft:beef":22,"minecraft:netherite_pickaxe":18,"comforts:sleeping_bag_white":25,"minecraft:cooked_beef":58,"minecraft:cooked_mutton":34,"minecraft:wheat_seeds":4,"minecraft:water_bucket":29,"minecraft:green_bed":1,"minecraft:polished_blackstone_bricks":3,"minecraft:oak_slab":3,"minecraft:tnt":25,"minecraft:crafting_table":28,"minecraft:white_bed":3,"minecraft:cake":1,"minecraft:smoker":3,"minecraft:oak_log":100,"minecraft:diamond_pickaxe":975,"minecraft:apple":3,"minecraft:cracked_polished_blackstone_bricks":5,"minecraft:iron_pickaxe":247,"minecraft:map":1,"minecraft:stone_axe":28,"minecraft:cobblestone":22,"minecraft:cooked_porkchop":46,"minecraft:bucket":30},"minecraft:custom":{"lootr:looted_stat":150,"minecraft:interact_with_crafting_table":84,"minecraft:open_barrel":7,"minecraft:bell_ring":48,"minecraft:eat_cake_slice":1,"minecraft:leave_game":6,"minecraft:time_since_death":49006,"minecraft:sprint_one_cm":1162557,"minecraft:damage_blocked_by_shield":1970,"minecraft:drop":169,"minecraft:talked_to_villager":114,"minecraft:deaths":12,"minecraft:jump":10384,"minecraft:walk_on_water_one_cm":393201,"minecraft:enchant_item":10,"minecraft:interact_with_furnace":17,"minecraft:traded_with_villager":16,"minecraft:play_one_minute":703770,"minecraft:sleep_in_bed":26,"minecraft:waystone_activated":11,"minecraft:damage_dealt":73283,"minecraft:crouch_one_cm":53471,"minecraft:interact_with_smoker":41,"minecraft:interact_with_smithing_table":6,"minecraft:interact_with_anvil":3,"minecraft:mob_kills":898,"minecraft:climb_one_cm":33281,"minecraft:walk_one_cm":2178878,"minecraft:damage_dealt_absorbed":3863,"minecraft:raid_win":1,"minecraft:sneak_time":19542,"minecraft:walk_under_water_one_cm":75966,"minecraft:boat_one_cm":222878,"minecraft:raid_trigger":1,"minecraft:time_since_rest":11898,"minecraft:damage_taken":17917,"minecraft:damage_absorbed":381,"minecraft:trigger_trapped_chest":3,"minecraft:swim_one_cm":189897,"minecraft:fly_one_cm":1892524,"minecraft:open_chest":9,"minecraft:fall_one_cm":213916},"minecraft:mined":{"iceandfire:graveyard_soil":2,"minecraft:black_terracotta":3,"minecraft:cobblestone_stairs":1,"minecraft:granite":20,"minecraft:chiseled_polished_blackstone":2,"minecraft:grass_block":22,"minecraft:cracked_polished_blackstone_bricks":7,"minecraft:coal_block":4,"minecraft:spawner":50,"comforts:sleeping_bag_white":4,"minecraft:polished_blackstone_bricks":11,"minecraft:magma_block":11,"minecraft:iron_ore":38,"minecraft:fire":22,"minecraft:pumpkin":1,"minecraft:anvil":1,"iceandfire:gold_pile":5,"minecraft:light_gray_concrete":6,"minecraft:blue_orchid":1,"minecraft:spruce_slab":6,"minecraft:green_bed":1,"minecraft:tripwire":2,"shiny_gems_and_ores:sapphire_ore":3,"minecraft:gray_terracotta":3,"lootr:lootr_chest":7,"minecraft:blackstone":59,"minecraft:smoker":3,"minecraft:chiseled_quartz_block":7,"minecraft:torch":1,"minecraft:polished_andesite_stairs":1,"iceandfire:ghost_chest":4,"minecraft:nether_quartz_ore":10,"minecraft:cobblestone":23,"minecraft:wall_torch":20,"minecraft:light_gray_stained_glass":5,"minecraft:birch_log":22,"minecraft:tnt":3,"minecraft:stone_brick_stairs":1,"minecraft:wither_rose":2,"minecraft:smooth_stone_slab":6,"minecraft:grass":20,"minecraft:oak_log":112,"minecraft:smooth_quartz":9,"minecraft:sand":28,"minecraft:dirt":4,"minecraft:emerald_block":5,"minecraft:piston":2,"minecraft:ancient_debris":21,"minecraft:dispenser":1,"minecraft:netherrack":785,"minecraft:oak_leaves":72,"minecraft:mossy_cobblestone":3,"minecraft:dark_oak_leaves":3,"minecraft:crimson_roots":1,"minecraft:spruce_leaves":10,"morevillagers:woodworking_table":2,"minecraft:large_fern":2,"minecraft:hay_block":81,"minecraft:furnace":2,"minecraft:snow":104,"minecraft:stripped_spruce_log":6,"minecraft:gold_block":29,"minecraft:bookshelf":42,"minecraft:vine":1,"minecraft:stone":119,"minecraft:white_wool":32,"minecraft:oak_slab":1,"minecraft:light_gray_carpet":1,"minecraft:gray_concrete":4,"minecraft:soul_sand":24,"minecraft:basalt":1,"minecraft:oak_fence":1,"minecraft:crafting_table":17,"morevillagers:oceanography_table":1,"minecraft:lectern":72,"minecraft:tall_grass":3,"minecraft:lapis_ore":1,"minecraft:polished_blackstone_brick_stairs":1,"minecraft:diorite":6,"minecraft:air":26,"minecraft:coarse_dirt":1,"minecraft:sea_pickle":1,"minecraft:polished_blackstone_stairs":4,"minecraft:sweet_berry_bush":3,"minecraft:yellow_bed":1,"minecraft:coal_ore":61,"iceandfire:silver_pile":13,"minecraft:gravel":1,"minecraft:cobweb":83,"minecraft:cracked_stone_bricks":1,"minecraft:polished_blackstone":1,"minecraft:polished_andesite":1,"minecraft:stone_bricks":9,"minecraft:chipped_anvil":1,"minecraft:iron_trapdoor":1}},"DataVersion":2586}