{"stats":{"minecraft:custom":{"minecraft:time_since_rest":17058,"minecraft:sprint_one_cm":15652,"minecraft:damage_taken":70,"minecraft:walk_one_cm":29101,"minecraft:mob_kills":5,"minecraft:damage_dealt":480,"minecraft:interact_with_crafting_table":4,"minecraft:fly_one_cm":17479,"minecraft:play_one_minute":17058,"minecraft:crouch_one_cm":26,"minecraft:sneak_time":72,"minecraft:walk_under_water_one_cm":431,"minecraft:jump":97,"minecraft:leave_game":1,"minecraft:walk_on_water_one_cm":1447,"minecraft:time_since_death":17058,"minecraft:fall_one_cm":1732},"minecraft:picked_up":{"minecraft:birch_log":15,"minecraft:stick":13,"minecraft:crafting_table":1,"minecraft:oak_log":37,"minecraft:spider_eye":1,"minecraft:dirt":3,"minecraft:apple":2,"minecraft:light_gray_wool":1,"minecraft:oak_sapling":8,"minecraft:mutton":5,"minecraft:sugar_cane":6,"minecraft:birch_sapling":8,"minecraft:white_wool":3},"minecraft:killed":{"minecraft:sheep":4,"minecraft:spider":1},"minecraft:mined":{"minecraft:birch_log":15,"minecraft:crafting_table":1,"minecraft:grass":2,"minecraft:grass_block":2,"minecraft:oak_log":37,"minecraft:dirt":1,"minecraft:sugar_cane":2,"minecraft:oak_leaves":2},"minecraft:used":{"minecraft:oak_log":33,"minecraft:wooden_axe":19,"minecraft:birch_sapling":8,"minecraft:wooden_sword":4,"minecraft:crafting_table":2,"minecraft:oak_sapling":8,"minecraft:birch_log":15},"minecraft:broken":{"minecraft:wooden_axe":1},"minecraft:crafted":{"minecraft:wooden_sword":1,"minecraft:oak_planks":12,"minecraft:crafting_table":1,"minecraft:stick":4,"comforts:sleeping_bag_white":1,"minecraft:wooden_axe":1}},"DataVersion":2586}