{"stats":{"minecraft:broken":{"minecraft:wooden_shovel":1,"minecraft:iron_boots":1,"minecraft:wooden_pickaxe":1,"minecraft:iron_axe":1,"minecraft:wooden_sword":2,"minecraft:iron_sword":1,"minecraft:iron_helmet":1,"minecraft:wooden_axe":2},"minecraft:picked_up":{"minecraft:wooden_axe":1,"minecraft:iron_chestplate":1,"minecraft:crafting_table":15,"minecraft:coarse_dirt":1,"minecraft:wheat":70,"minecraft:chainmail_boots":1,"iceandfire:copper_sword":1,"minecraft:chicken":4,"minecraft:wither_rose":1,"iceandfire:sea_serpent_scales_blue":13,"iceandfire:manuscript":16,"minecraft:string":94,"minecraft:smooth_stone_slab":5,"minecraft:iron_leggings":1,"minecraft:sea_pickle":2,"iceandfire:graveyard_soil":6,"minecraft:gold_nugget":17,"comforts:sleeping_bag_white":6,"minecraft:beef":67,"shiny_gems_and_ores:sapphire":3,"minecraft:oak_boat":4,"minecraft:smooth_quartz":9,"minecraft:light_gray_wool":2,"minecraft:spruce_slab":7,"minecraft:piston":2,"minecraft:coal_block":4,"minecraft:chest":2,"minecraft:birch_sapling":6,"minecraft:furnace":1,"minecraft:iron_boots":1,"minecraft:egg":2,"minecraft:stick":8,"iceandfire:ghost_chest":3,"iceandfire:deathworm_chitin_red":6,"minecraft:oak_fence":2,"minecraft:torch":16,"minecraft:green_bed":1,"epicfight:skillbook":6,"minecraft:porkchop":19,"minecraft:diorite":4,"minecraft:carrot":1,"iceandfire:silver_ingot":8,"minecraft:arrow":41,"minecraft:rotten_flesh":157,"minecraft:mutton":66,"minecraft:snowball":104,"minecraft:skeleton_skull":2,"minecraft:white_wool":44,"minecraft:cobblestone":41,"minecraft:birch_log":16,"minecraft:feather":5,"minecraft:cooked_beef":16,"iceandfire:sea_serpent_fang":11,"minecraft:salmon":1,"minecraft:brown_wool":1,"minecraft:leather":34,"minecraft:chiseled_quartz_block":7,"minecraft:smoker":2,"minecraft:potato":1,"minecraft:oak_log":48,"minecraft:lily_pad":9,"iceandfire:ectoplasm":15,"minecraft:yellow_bed":1,"minecraft:gunpowder":2,"minecraft:gray_concrete":4,"minecraft:dirt":49,"minecraft:cooked_mutton":4,"minecraft:bone":66,"minecraft:chipped_anvil":1,"minecraft:apple":3,"minecraft:bow":1,"minecraft:wheat_seeds":208,"minecraft:iron_ingot":4,"minecraft:iron_ore":36,"minecraft:iron_sword":3,"minecraft:soul_sand":22,"minecraft:book":24,"minecraft:polished_andesite_stairs":2,"minecraft:cooked_porkchop":3,"minecraft:sweet_berries":2,"shinys_guilled_armor:guhille_white_helmet":1,"minecraft:sand":27,"minecraft:ink_sac":4,"minecraft:spider_eye":6,"minecraft:mossy_cobblestone":3,"minecraft:leather_helmet":1,"minecraft:light_gray_concrete":3,"minecraft:chainmail_leggings":1,"iceandfire:seaserpent_skull":1,"minecraft:oak_sapling":13,"minecraft:light_gray_carpet":1,"minecraft:coal":100,"minecraft:oak_leaves":65},"minecraft:mined":{"iceandfire:graveyard_soil":2,"minecraft:mossy_cobblestone":3,"minecraft:dark_oak_leaves":3,"minecraft:grass_block":16,"minecraft:coal_block":4,"minecraft:spruce_leaves":8,"minecraft:spawner":23,"comforts:sleeping_bag_white":2,"minecraft:furnace":1,"minecraft:iron_ore":36,"minecraft:snow":104,"minecraft:bookshelf":8,"minecraft:vine":1,"minecraft:light_gray_concrete":6,"minecraft:stone":32,"minecraft:tripwire":2,"minecraft:white_wool":28,"minecraft:spruce_slab":6,"minecraft:green_bed":1,"minecraft:light_gray_carpet":1,"minecraft:gray_concrete":4,"lootr:lootr_chest":6,"shiny_gems_and_ores:sapphire_ore":3,"minecraft:soul_sand":24,"minecraft:smoker":2,"minecraft:chiseled_quartz_block":7,"minecraft:oak_fence":1,"minecraft:crafting_table":15,"minecraft:polished_andesite_stairs":1,"iceandfire:ghost_chest":3,"minecraft:tall_grass":3,"minecraft:cobblestone":10,"minecraft:wall_torch":16,"minecraft:diorite":4,"minecraft:air":8,"minecraft:coarse_dirt":1,"minecraft:light_gray_stained_glass":5,"minecraft:sea_pickle":1,"minecraft:birch_log":11,"minecraft:sweet_berry_bush":3,"minecraft:stone_brick_stairs":1,"minecraft:smooth_stone_slab":6,"minecraft:yellow_bed":1,"minecraft:wither_rose":1,"minecraft:grass":13,"minecraft:coal_ore":61,"minecraft:oak_log":39,"minecraft:smooth_quartz":9,"minecraft:sand":27,"minecraft:dirt":4,"minecraft:cobweb":80,"minecraft:dispenser":1,"minecraft:piston":2,"minecraft:chipped_anvil":1,"minecraft:oak_leaves":70,"minecraft:iron_trapdoor":1},"minecraft:crafted":{"minecraft:wooden_sword":2,"shinys_guilled_armor:guhille_green_helmet":1,"minecraft:oak_planks":68,"shinys_guilled_armor:guhille_green_chestplate":1,"comforts:sleeping_bag_white":1,"usefulbackpacks:backpack_small":2,"minecraft:furnace":2,"shinys_guilled_armor:guhille_white_boots":1,"shinys_guilled_armor:guhille_brown_leggings":1,"minecraft:cooked_mutton":24,"shinys_guilled_armor:guhille_white_chestplate":1,"shinys_guilled_armor:guhille_brown_boots":1,"minecraft:stone_pickaxe":1,"usefulbackpacks:backpack_medium":2,"shinys_guilled_armor:guhille_brown_chestplate":1,"minecraft:smoker":1,"shinys_guilled_armor:guhille_brown_helmet":1,"minecraft:wooden_shovel":1,"minecraft:cooked_porkchop":4,"minecraft:crafting_table":4,"minecraft:wooden_pickaxe":1,"minecraft:iron_helmet":1,"minecraft:bucket":1,"minecraft:birch_planks":12,"minecraft:stone_axe":1,"shinys_guilled_armor:guhille_white_helmet":1,"minecraft:air":0,"minecraft:bread":23,"minecraft:oak_boat":3,"shinys_guilled_armor:guhille_green_boots":1,"minecraft:iron_chestplate":1,"minecraft:stick":24,"shinys_guilled_armor:guhille_white_leggings":1,"minecraft:iron_ingot":23,"usefulbackpacks:backpack_large":2,"minecraft:iron_pickaxe":1,"minecraft:wooden_axe":6,"minecraft:snow_block":26,"minecraft:iron_shovel":1,"shinys_guilled_armor:guhille_green_leggings":1,"minecraft:torch":8,"minecraft:shears":1},"minecraft:killed":{"minecraft:cave_spider":11,"minecraft:witch":1,"minecraft:spider":6,"minecraft:vindicator":1,"minecraft:skeleton":42,"minecraft:chicken":5,"iceandfire:deathworm":1,"minecraft:wolf":1,"minecraft:pig":12,"minecraft:zombie_villager":1,"minecraft:salmon":1,"minecraft:bat":1,"minecraft:creeper":1,"minecraft:squid":2,"minecraft:sheep":31,"minecraft:pillager":9,"minecraft:zombie":152,"iceandfire:ghost":2,"iceandfire:sea_serpent":1,"minecraft:cow":36},"minecraft:killed_by":{"minecraft:creeper":1,"iceandfire:sea_serpent":1,"minecraft:vindicator":1,"minecraft:skeleton":3,"minecraft:zombie":1},"minecraft:dropped":{"minecraft:wheat_seeds":204,"minecraft:mossy_cobblestone":2,"shiny_gems_and_ores:sapphire":3,"minecraft:oak_fence":2,"minecraft:cobblestone":2,"iceandfire:ectoplasm":1,"minecraft:leather_helmet":1,"minecraft:wooden_axe":2,"minecraft:polished_andesite_stairs":2,"minecraft:sand":3,"minecraft:lily_pad":9,"minecraft:bone":4,"minecraft:rotten_flesh":6,"minecraft:light_gray_wool":1,"minecraft:light_gray_carpet":1,"minecraft:filled_map":1,"iceandfire:copper_sword":1,"minecraft:leather_boots":1,"minecraft:spider_eye":3,"minecraft:arrow":1,"minecraft:oak_leaves":41},"minecraft:custom":{"lootr:looted_stat":44,"minecraft:mob_kills":322,"minecraft:interact_with_crafting_table":42,"minecraft:open_barrel":2,"minecraft:leave_game":2,"minecraft:time_since_death":18685,"minecraft:climb_one_cm":16091,"minecraft:sprint_one_cm":465253,"minecraft:walk_one_cm":714698,"minecraft:drop":46,"minecraft:damage_dealt_absorbed":774,"minecraft:deaths":7,"minecraft:sneak_time":3980,"minecraft:walk_under_water_one_cm":32833,"minecraft:boat_one_cm":170646,"minecraft:jump":3002,"minecraft:walk_on_water_one_cm":88631,"minecraft:interact_with_furnace":13,"minecraft:play_one_minute":196170,"minecraft:sleep_in_bed":5,"minecraft:waystone_activated":2,"minecraft:time_since_rest":12557,"minecraft:damage_taken":5515,"minecraft:damage_absorbed":39,"minecraft:trigger_trapped_chest":2,"minecraft:damage_dealt":37729,"minecraft:swim_one_cm":58460,"minecraft:fly_one_cm":569037,"minecraft:open_chest":2,"minecraft:crouch_one_cm":13307,"minecraft:interact_with_smoker":11,"minecraft:fall_one_cm":60224},"minecraft:used":{"minecraft:stone_sword":2,"minecraft:iron_shovel":138,"minecraft:iron_sword":252,"minecraft:wooden_shovel":59,"minecraft:torch":34,"minecraft:dirt":19,"minecraft:mutton":7,"minecraft:wooden_axe":90,"minecraft:iron_axe":230,"minecraft:beef":20,"minecraft:bow":8,"minecraft:sweet_berries":2,"minecraft:furnace":1,"minecraft:egg":1,"comforts:sleeping_bag_white":6,"minecraft:cooked_mutton":27,"minecraft:wheat_seeds":4,"minecraft:water_bucket":4,"epicfight:skillbook":2,"minecraft:diorite":2,"minecraft:stone_pickaxe":94,"minecraft:wooden_pickaxe":46,"minecraft:green_bed":1,"minecraft:golden_apple":2,"minecraft:crafting_table":17,"minecraft:smoker":2,"minecraft:shears":92,"minecraft:oak_log":27,"minecraft:apple":3,"minecraft:iron_pickaxe":109,"minecraft:map":1,"minecraft:bread":23,"minecraft:stone_axe":28,"minecraft:diamond_sword":244,"minecraft:wooden_sword":114,"minecraft:cooked_porkchop":4,"minecraft:bucket":5,"minecraft:birch_log":8,"minecraft:oak_boat":5,"minecraft:air":8}},"DataVersion":2586}