{"stats":{"minecraft:custom":{"minecraft:jump":143,"minecraft:time_since_rest":7750,"minecraft:walk_on_water_one_cm":138,"minecraft:damage_dealt":54,"minecraft:play_one_minute":10105,"minecraft:walk_one_cm":7597,"minecraft:leave_game":1,"minecraft:sprint_one_cm":29992,"minecraft:damage_taken":310,"minecraft:time_since_death":7724,"minecraft:deaths":1,"minecraft:walk_under_water_one_cm":261,"minecraft:swim_one_cm":368,"minecraft:fall_one_cm":4163,"minecraft:fly_one_cm":45268},"minecraft:mined":{"minecraft:tall_grass":1,"minecraft:grass":2},"minecraft:killed_by":{"minecraft:skeleton":1}},"DataVersion":2586}