{"stats":{"minecraft:broken":{"minecraft:wooden_axe":1,"minecraft:wooden_sword":1},"minecraft:picked_up":{"minecraft:stick":1,"minecraft:feather":2,"minecraft:chicken":2,"minecraft:composter":1,"minecraft:leather":12,"minecraft:oak_log":5,"minecraft:wheat_seeds":1,"iceandfire:lectern":1,"minecraft:hay_block":20,"minecraft:black_wool":1,"minecraft:sugar_cane":7,"minecraft:mutton":10,"minecraft:white_wool":8,"minecraft:egg":2},"minecraft:crafted":{"minecraft:wooden_sword":1,"minecraft:oak_planks":20,"minecraft:crafting_table":2,"minecraft:stick":8,"minecraft:wooden_pickaxe":1,"minecraft:wooden_axe":1},"minecraft:custom":{"minecraft:waystone_activated":1,"minecraft:time_since_rest":398,"minecraft:sprint_one_cm":59501,"lootr:looted_stat":3,"minecraft:damage_taken":265,"minecraft:walk_one_cm":43557,"minecraft:mob_kills":25,"minecraft:damage_dealt":3937,"minecraft:interact_with_crafting_table":3,"minecraft:talked_to_villager":4,"minecraft:fly_one_cm":48156,"minecraft:play_one_minute":10298,"minecraft:deaths":1,"minecraft:jump":154,"minecraft:leave_game":1,"minecraft:time_since_death":371,"minecraft:walk_on_water_one_cm":217,"minecraft:climb_one_cm":443,"minecraft:fall_one_cm":3880},"minecraft:used":{"minecraft:wooden_axe":35,"minecraft:wooden_pickaxe":6,"minecraft:wooden_sword":68,"minecraft:mutton":4,"minecraft:crafting_table":2},"minecraft:mined":{"minecraft:hay_block":20,"minecraft:grass":3,"minecraft:oak_log":5,"iceandfire:lectern":1,"minecraft:tall_grass":12,"minecraft:composter":1,"minecraft:sugar_cane":5},"minecraft:killed_by":{"minecraft:skeleton":1},"minecraft:killed":{"minecraft:sheep":9,"minecraft:horse":11,"minecraft:donkey":3,"minecraft:chicken":2}},"DataVersion":2586}