{
  "minecraft:recipes/tools/fishing_rod": {
    "criteria": {
      "has_string": "2024-08-29 16:11:49 +0000"
    },
    "done": true
  },
  "securitycraft:recipes/securitycraft/universal_block_remover": {
    "criteria": {
      "has_iron": "2024-08-29 16:15:14 +0000"
    },
    "done": true
  },
  "minecraft:recipes/decorations/smoker": {
    "criteria": {
      "has_furnace": "2024-08-29 16:10:05 +0000"
    },
    "done": true
  },
  "minecraft:recipes/food/cooked_mutton_from_campfire_cooking": {
    "criteria": {
      "has_mutton": "2024-08-29 16:50:35 +0000"
    },
    "done": true
  },
  "minecraft:recipes/building_blocks/polished_andesite_slab": {
    "criteria": {
      "has_polished_andesite": "2024-08-29 19:15:56 +0000"
    },
    "done": true
  },
  "minecraft:recipes/redstone/lever": {
    "criteria": {
      "has_cobblestone": "2024-08-29 16:09:00 +0000"
    },
    "done": true
  },
  "minecraft:recipes/redstone/acacia_button": {
    "criteria": {
      "has_planks": "2024-08-29 21:49:09 +0000"
    },
    "done": true
  },
  "hats:hats/wear_hat_with_accessory": {
    "criteria": {
      "code_trigger": "2024-08-29 18:26:45 +0000"
    },
    "done": true
  },
  "minecraft:recipes/combat/iron_sword": {
    "criteria": {
      "has_iron_ingot": "2024-08-29 16:15:14 +0000"
    },
    "done": true
  },
  "minecraft:recipes/misc/magenta_dye_from_lilac": {
    "criteria": {
      "has_double_plant": "2024-08-29 21:01:37 +0000"
    },
    "done": true
  },
  "morevillagers:first_village": {
    "criteria": {
      "village": "2024-08-29 16:06:33 +0000"
    },
    "done": true
  },
  "toolbelt:recipes/pouch": {
    "criteria": {
      "has_leather": "2024-08-29 16:07:35 +0000"
    },
    "done": true
  },
  "securitycraft:recipes/securitycraft/reinforced_andesite_with_vanilla_diorite": {
    "criteria": {
      "has_cobblestone": "2024-08-29 16:09:00 +0000"
    },
    "done": true
  },
  "minecraft:recipes/building_blocks/lime_concrete_powder": {
    "criteria": {
      "has_sand": "2024-08-29 16:13:03 +0000"
    },
    "done": true
  },
  "securitycraft:recipes/securitycraft/sentry": {
    "criteria": {
      "has_iron": "2024-08-29 16:15:14 +0000"
    },
    "done": true
  },
  "minecraft:recipes/building_blocks/chiseled_stone_bricks": {
    "criteria": {
      "has_stone_bricks": "2024-08-29 16:57:58 +0000"
    },
    "done": true
  },
  "minecraft:recipes/tools/iron_pickaxe": {
    "criteria": {
      "has_iron_ingot": "2024-08-29 16:15:14 +0000"
    },
    "done": true
  },
  "twilightforest:progress_naga": {
    "criteria": {
      "scale": "2024-08-29 19:15:51 +0000",
      "kill_mob": "2024-08-29 19:10:24 +0000"
    },
    "done": true
  },
  "minecraft:recipes/building_blocks/yellow_concrete_powder": {
    "criteria": {
      "has_sand": "2024-08-29 16:13:03 +0000"
    },
    "done": true
  },
  "minecraft:recipes/combat/leather_helmet": {
    "criteria": {
      "has_leather": "2024-08-29 16:07:35 +0000"
    },
    "done": true
  },
  "minecraft:recipes/decorations/crafting_table": {
    "criteria": {
      "has_planks": "2024-08-29 16:06:56 +0000"
    },
    "done": true
  },
  "minecraft:recipes/building_blocks/magenta_wool": {
    "criteria": {
      "has_white_wool": "2024-08-29 16:20:33 +0000"
    },
    "done": true
  },
  "iceandfire:iceandfire/root": {
    "criteria": {
      "tick": "2024-08-29 16:05:35 +0000"
    },
    "done": true
  },
  "minecraft:recipes/decorations/ladder": {
    "criteria": {
      "has_stick": "2024-08-29 16:08:31 +0000"
    },
    "done": true
  },
  "comforts:sleeping_bag_black": {
    "criteria": {
      "has_black_wool": "2024-08-29 18:07:47 +0000"
    },
    "done": true
  },
  "minecraft:recipes/decorations/chest": {
    "criteria": {
      "has_lots_of_items": "2024-08-29 16:10:05 +0000"
    },
    "done": true
  },
  "minecraft:recipes/combat/golden_sword": {
    "criteria": {
      "has_gold_ingot": "2024-08-29 16:13:53 +0000"
    },
    "done": true
  },
  "securitycraft:recipes/securitycraft/reinforced_redstone_lamp": {
    "criteria": {
      "has_redstone": "2024-08-29 16:16:28 +0000"
    },
    "done": true
  },
  "minecraft:recipes/tools/wooden_shovel": {
    "criteria": {
      "has_stick": "2024-08-29 16:08:31 +0000"
    },
    "done": true
  },
  "minecraft:recipes/decorations/torch": {
    "criteria": {
      "has_stone_pickaxe": "2024-08-29 16:10:05 +0000"
    },
    "done": true
  },
  "minecraft:recipes/misc/gold_ingot_from_blasting": {
    "criteria": {
      "has_gold_ore": "2024-08-29 18:47:32 +0000"
    },
    "done": true
  },
  "minecraft:recipes/tools/shears": {
    "criteria": {
      "has_iron_ingot": "2024-08-29 16:15:14 +0000"
    },
    "done": true
  },
  "minecraft:recipes/misc/stick": {
    "criteria": {
      "has_planks": "2024-08-29 16:06:56 +0000"
    },
    "done": true
  },
  "morevillagers:first_trade": {
    "criteria": {
      "villagertrade": "2024-08-29 18:00:08 +0000"
    },
    "done": true
  },
  "lootr:1chest": {
    "criteria": {
      "opened_chest": "2024-08-29 16:13:43 +0000"
    },
    "done": true
  },
  "minecraft:recipes/misc/iron_ingot_from_blasting": {
    "criteria": {
      "has_iron_ore": "2024-08-29 18:35:40 +0000"
    },
    "done": true
  },
  "lootr:1cart": {
    "criteria": {
      "opened_cart": "2024-08-29 18:44:10 +0000"
    },
    "done": true
  },
  "morevillagers:all_villages": {
    "criteria": {
      "desert_village": "2024-08-29 16:17:35 +0000",
      "savanna_village": "2024-08-29 21:28:01 +0000",
      "plains_village": "2024-08-29 16:06:35 +0000"
    },
    "done": false
  },
  "minecraft:recipes/building_blocks/smooth_sandstone_stairs_from_smooth_sandstone_stonecutting": {
    "criteria": {
      "has_mossy_cobblestone": "2024-08-29 16:14:39 +0000"
    },
    "done": true
  },
  "betterdungeons:all_dungeons": {
    "criteria": {
      "in_better_spider_dungeon": "2024-08-29 21:01:58 +0000"
    },
    "done": false
  },
  "hats:hats/root": {
    "criteria": {
      "killed_something": "2024-08-29 16:07:34 +0000"
    },
    "done": true
  },
  "minecraft:recipes/redstone/dispenser": {
    "criteria": {
      "has_bow": "2024-08-29 18:48:43 +0000"
    },
    "done": true
  },
  "securitycraft:recipes/securitycraft/electrified_iron_fence": {
    "criteria": {
      "has_iron": "2024-08-29 16:15:14 +0000"
    },
    "done": true
  },
  "minecraft:recipes/building_blocks/emerald_block": {
    "criteria": {
      "has_emerald": "2024-08-29 16:34:42 +0000"
    },
    "done": true
  },
  "minecraft:recipes/food/cake": {
    "criteria": {
      "has_egg": "2024-08-29 18:07:46 +0000"
    },
    "done": true
  },
  "minecraft:recipes/transportation/detector_rail": {
    "criteria": {
      "has_rail": "2024-08-29 18:44:54 +0000"
    },
    "done": true
  },
  "securitycraft:recipes/securitycraft/reinforced_dark_oak_fence_gate": {
    "criteria": {
      "has_stick": "2024-08-29 16:08:31 +0000"
    },
    "done": true
  },
  "securitycraft:recipes/securitycraft/reinforced_andesite_with_vanilla_cobblestone": {
    "criteria": {
      "has_cobblestone": "2024-08-29 16:09:00 +0000"
    },
    "done": true
  },
  "minecraft:recipes/combat/iron_leggings": {
    "criteria": {
      "has_iron_ingot": "2024-08-29 16:15:14 +0000"
    },
    "done": true
  },
  "minecraft:recipes/building_blocks/sandstone_stairs": {
    "criteria": {
      "has_sandstone": "2024-08-29 16:10:40 +0000"
    },
    "done": true
  },
  "minecraft:recipes/brewing/golden_carrot": {
    "criteria": {
      "has_gold_nugget": "2024-08-29 16:13:53 +0000"
    },
    "done": true
  },
  "minecraft:recipes/combat/shield": {
    "criteria": {
      "has_iron_ingot": "2024-08-29 16:15:14 +0000"
    },
    "done": true
  },
  "minecraft:recipes/decorations/brown_banner": {
    "criteria": {
      "has_brown_wool": "2024-08-29 16:50:37 +0000"
    },
    "done": true
  },
  "minecraft:recipes/building_blocks/cobblestone_slab": {
    "criteria": {
      "has_cobblestone": "2024-08-29 16:09:00 +0000"
    },
    "done": true
  },
  "dungeons_arise:find_small_prairie_house": {
    "criteria": {
      "location0": "2024-08-29 21:20:28 +0000"
    },
    "done": true
  },
  "minecraft:recipes/building_blocks/red_sandstone_stairs": {
    "criteria": {
      "has_cut_red_sandstone": "2024-08-29 16:14:50 +0000"
    },
    "done": true
  },
  "minecraft:recipes/redstone/hopper": {
    "criteria": {
      "has_iron_ingot": "2024-08-29 16:15:14 +0000"
    },
    "done": true
  },
  "twilightforest:alt/treasures/twilight_scepter": {
    "criteria": {
      "scepter": "2024-08-29 20:02:35 +0000"
    },
    "done": true
  },
  "twilightforest:alt/entities/naga": {
    "criteria": {
      "hurt_by_indirect": "2024-08-29 19:15:17 +0000"
    },
    "done": true
  },
  "minecraft:recipes/building_blocks/coarse_dirt": {
    "criteria": {
      "has_gravel": "2024-08-29 21:50:30 +0000"
    },
    "done": true
  },
  "securitycraft:recipes/securitycraft/taser": {
    "criteria": {
      "has_redstone": "2024-08-29 16:16:28 +0000"
    },
    "done": true
  },
  "twilightforest:alt/biomes/dense_twilight_forest": {
    "criteria": {
      "discover": "2024-08-29 19:54:56 +0000"
    },
    "done": true
  },
  "minecraft:recipes/building_blocks/light_gray_concrete_powder": {
    "criteria": {
      "has_sand": "2024-08-29 16:13:03 +0000"
    },
    "done": true
  },
  "securitycraft:recipes/securitycraft/reinforced_spruce_fence_gate": {
    "criteria": {
      "has_stick": "2024-08-29 16:08:31 +0000"
    },
    "done": true
  },
  "dungeons_enhanced:ambitious_explorer": {
    "criteria": {
      "entered_desert_tomb": "2024-08-29 16:11:19 +0000"
    },
    "done": false
  },
  "minecraft:recipes/combat/leather_leggings": {
    "criteria": {
      "has_leather": "2024-08-29 16:07:35 +0000"
    },
    "done": true
  },
  "minecraft:recipes/building_blocks/pink_concrete_powder": {
    "criteria": {
      "has_sand": "2024-08-29 16:13:03 +0000"
    },
    "done": true
  },
  "twilightforest:alt/entities/hostile_wolf": {
    "criteria": {
      "hurt_by_indirect": "2024-08-29 19:11:24 +0000"
    },
    "done": true
  },
  "minecraft:recipes/building_blocks/sandstone_slab": {
    "criteria": {
      "has_sandstone": "2024-08-29 16:10:40 +0000"
    },
    "done": true
  },
  "securitycraft:recipes/securitycraft/security_camera": {
    "criteria": {
      "has_iron": "2024-08-29 16:15:14 +0000"
    },
    "done": true
  },
  "twilightforest:alt/treasures/scepters": {
    "criteria": {
      "3": "2024-08-29 19:42:09 +0000"
    },
    "done": true
  },
  "minecraft:recipes/redstone/lectern": {
    "criteria": {
      "has_book": "2024-08-29 17:00:48 +0000"
    },
    "done": true
  },
  "securitycraft:recipes/securitycraft/door_indestructible_iron_item": {
    "criteria": {
      "has_iron": "2024-08-29 16:15:14 +0000"
    },
    "done": true
  },
  "minecraft:recipes/decorations/acacia_fence": {
    "criteria": {
      "has_planks": "2024-08-29 21:49:09 +0000"
    },
    "done": true
  },
  "minecraft:recipes/decorations/magenta_bed_from_white_bed": {
    "criteria": {
      "has_bed": "2024-08-29 17:09:35 +0000"
    },
    "done": true
  },
  "minecraft:recipes/building_blocks/andesite_stairs_from_andesite_stonecutting": {
    "criteria": {
      "has_andesite": "2024-08-29 16:08:53 +0000"
    },
    "done": true
  },
  "minecraft:recipes/decorations/iron_bars": {
    "criteria": {
      "has_iron_ingot": "2024-08-29 16:15:14 +0000"
    },
    "done": true
  },
  "securitycraft:recipes/securitycraft/reinforced_crimson_fence_gate": {
    "criteria": {
      "has_stick": "2024-08-29 16:08:31 +0000"
    },
    "done": true
  },
  "securitycraft:recipes/securitycraft/reinforced_dropper": {
    "criteria": {
      "has_redstone": "2024-08-29 16:16:28 +0000"
    },
    "done": true
  },
  "minecraft:recipes/building_blocks/gold_block": {
    "criteria": {
      "has_gold_ingot": "2024-08-29 16:13:53 +0000"
    },
    "done": true
  },
  "minecraft:recipes/building_blocks/blue_wool": {
    "criteria": {
      "has_white_wool": "2024-08-29 16:20:33 +0000"
    },
    "done": true
  },
  "minecraft:story/obtain_armor": {
    "criteria": {
      "iron_leggings": "2024-08-29 16:24:18 +0000"
    },
    "done": true
  },
  "minecraft:recipes/decorations/mossy_stone_brick_wall": {
    "criteria": {
      "has_mossy_stone_bricks": "2024-08-29 16:58:12 +0000"
    },
    "done": true
  },
  "securitycraft:recipes/securitycraft/portable_radar": {
    "criteria": {
      "has_redstone": "2024-08-29 16:16:28 +0000"
    },
    "done": true
  },
  "morevillagers:root": {
    "criteria": {
      "always": "2024-08-29 16:05:35 +0000"
    },
    "done": true
  },
  "minecraft:recipes/brewing/cauldron": {
    "criteria": {
      "has_water_bucket": "2024-08-29 18:09:43 +0000"
    },
    "done": true
  },
  "twilightforest:progress_trophy_pedestal": {
    "criteria": {
      "kill_lich": "2024-08-29 19:42:08 +0000"
    },
    "done": false
  },
  "securitycraft:recipes/securitycraft/reinforced_jungle_fence": {
    "criteria": {
      "has_stick": "2024-08-29 16:08:31 +0000"
    },
    "done": true
  },
  "minecraft:recipes/combat/diamond_leggings": {
    "criteria": {
      "has_diamond": "2024-08-29 16:15:14 +0000"
    },
    "done": true
  },
  "minecraft:recipes/building_blocks/sandstone": {
    "criteria": {
      "has_sand": "2024-08-29 16:13:03 +0000"
    },
    "done": true
  },
  "minecraft:adventure/sleep_in_bed": {
    "criteria": {
      "slept_in_bed": "2024-08-29 17:22:46 +0000"
    },
    "done": true
  },
  "minecraft:recipes/building_blocks/cobblestone_slab_from_cobblestone_stonecutting": {
    "criteria": {
      "has_cobblestone": "2024-08-29 16:09:00 +0000"
    },
    "done": true
  },
  "minecraft:recipes/building_blocks/oak_stairs": {
    "criteria": {
      "has_planks": "2024-08-29 16:06:56 +0000"
    },
    "done": true
  },
  "minecraft:recipes/building_blocks/polished_andesite_slab_from_andesite_stonecutting": {
    "criteria": {
      "has_andesite": "2024-08-29 16:08:53 +0000"
    },
    "done": true
  },
  "minecraft:recipes/transportation/acacia_boat": {
    "criteria": {
      "in_water": "2024-08-29 16:07:23 +0000"
    },
    "done": true
  },
  "minecraft:recipes/redstone/iron_trapdoor": {
    "criteria": {
      "has_iron_ingot": "2024-08-29 16:15:14 +0000"
    },
    "done": true
  },
  "minecraft:recipes/decorations/birch_sign": {
    "criteria": {
      "has_birch_planks": "2024-08-29 16:06:58 +0000"
    },
    "done": true
  },
  "minecraft:adventure/root": {
    "criteria": {
      "killed_something": "2024-08-29 16:07:34 +0000"
    },
    "done": true
  },
  "minecraft:recipes/decorations/black_bed": {
    "criteria": {
      "has_black_wool": "2024-08-29 18:07:47 +0000"
    },
    "done": true
  },
  "twilightforest:alt/treasures/ironwood_tool_set": {
    "criteria": {
      "ingredien2": "2024-08-29 20:36:38 +0000"
    },
    "done": true
  },
  "securitycraft:recipes/securitycraft/storage_module": {
    "criteria": {
      "has_iron": "2024-08-29 16:15:14 +0000"
    },
    "done": true
  },
  "lootr:social": {
    "criteria": {
      "opened_barrel": "2024-08-29 21:20:33 +0000",
      "opened_chest": "2024-08-29 16:13:43 +0000",
      "opened_cart": "2024-08-29 18:44:10 +0000"
    },
    "done": false
  },
  "minecraft:recipes/decorations/gray_bed_from_white_bed": {
    "criteria": {
      "has_bed": "2024-08-29 17:09:35 +0000"
    },
    "done": true
  },
  "minecraft:recipes/building_blocks/white_concrete_powder": {
    "criteria": {
      "has_sand": "2024-08-29 16:13:03 +0000"
    },
    "done": true
  },
  "morevanillalib:recipes/morevanillalib/paper_bundle": {
    "criteria": {
      "has_material": "2024-08-29 19:48:51 +0000"
    },
    "done": true
  },
  "minecraft:recipes/building_blocks/white_wool_from_string": {
    "criteria": {
      "has_string": "2024-08-29 16:11:49 +0000"
    },
    "done": true
  },
  "minecraft:recipes/tools/diamond_pickaxe": {
    "criteria": {
      "has_diamond": "2024-08-29 16:15:14 +0000"
    },
    "done": true
  },
  "minecraft:adventure/kill_all_mobs": {
    "criteria": {
      "minecraft:skeleton": "2024-08-29 18:36:07 +0000",
      "minecraft:spider": "2024-08-29 18:41:09 +0000",
      "minecraft:creeper": "2024-08-29 18:45:56 +0000",
      "minecraft:husk": "2024-08-29 16:12:27 +0000",
      "minecraft:cave_spider": "2024-08-29 18:43:42 +0000",
      "minecraft:zombie": "2024-08-29 16:24:02 +0000"
    },
    "done": false
  },
  "minecraft:recipes/building_blocks/birch_wood": {
    "criteria": {
      "has_log": "2024-08-29 16:05:53 +0000"
    },
    "done": true
  },
  "twilightforest:alt/biomes/spooky_forest": {
    "criteria": {
      "discover": "2024-08-29 20:06:43 +0000"
    },
    "done": true
  },
  "minecraft:recipes/redstone/redstone_block": {
    "criteria": {
      "has_redstone": "2024-08-29 16:16:29 +0000"
    },
    "done": true
  },
  "minecraft:recipes/food/cooked_beef_from_smoking": {
    "criteria": {
      "has_beef": "2024-08-29 16:07:53 +0000"
    },
    "done": true
  },
  "minecraft:recipes/decorations/stone_brick_wall": {
    "criteria": {
      "has_stone_bricks": "2024-08-29 16:57:58 +0000"
    },
    "done": true
  },
  "minecraft:recipes/decorations/fletching_table": {
    "criteria": {
      "has_flint": "2024-08-29 18:45:12 +0000"
    },
    "done": true
  },
  "minecraft:recipes/decorations/pink_bed_from_white_bed": {
    "criteria": {
      "has_bed": "2024-08-29 17:09:35 +0000"
    },
    "done": true
  },
  "hats:hats/hats_unlocked_10": {
    "criteria": {
      "hats_unlocked": "2024-08-29 18:36:40 +0000"
    },
    "done": true
  },
  "minecraft:recipes/food/cooked_chicken_from_campfire_cooking": {
    "criteria": {
      "has_chicken": "2024-08-29 21:19:36 +0000"
    },
    "done": true
  },
  "minecraft:recipes/decorations/brown_bed": {
    "criteria": {
      "has_brown_wool": "2024-08-29 16:50:37 +0000"
    },
    "done": true
  },
  "minecraft:recipes/misc/iron_nugget_from_smelting": {
    "criteria": {
      "has_iron_sword": "2024-08-29 16:18:03 +0000"
    },
    "done": true
  },
  "minecraft:recipes/food/cooked_mutton_from_smoking": {
    "criteria": {
      "has_mutton": "2024-08-29 16:50:35 +0000"
    },
    "done": true
  },
  "twilightforest:alt/treasures/naga_armor_set": {
    "criteria": {
      "ingredient": "2024-08-29 19:15:51 +0000"
    },
    "done": true
  },
  "morevillagers:all_professions_traded": {
    "criteria": {
      "fletcher": "2024-08-29 21:51:20 +0000",
      "librarian": "2024-08-29 18:00:08 +0000"
    },
    "done": false
  },
  "minecraft:recipes/decorations/granite_wall_from_granite_stonecutting": {
    "criteria": {
      "has_granite": "2024-08-29 18:07:46 +0000"
    },
    "done": true
  },
  "usefulbackpacks:recipes/filter_item": {
    "criteria": {
      "has_small_backpack": "2024-08-29 16:20:49 +0000"
    },
    "done": true
  },
  "minecraft:recipes/decorations/chain": {
    "criteria": {
      "has_iron_ingot": "2024-08-29 16:15:14 +0000"
    },
    "done": true
  },
  "securitycraft:recipes/securitycraft/reinforced_warped_fence_gate": {
    "criteria": {
      "has_stick": "2024-08-29 16:08:31 +0000"
    },
    "done": true
  },
  "minecraft:recipes/misc/light_blue_dye_from_blue_white_dye": {
    "criteria": {
      "has_blue_dye": "2024-08-29 16:54:18 +0000"
    },
    "done": true
  },
  "securitycraft:recipes/securitycraft/reinforced_dispenser": {
    "criteria": {
      "has_bow": "2024-08-29 18:48:43 +0000"
    },
    "done": true
  },
  "twilightforest:twilight_hunter": {
    "criteria": {
      "kobold": "2024-08-29 19:10:24 +0000"
    },
    "done": true
  },
  "minecraft:recipes/misc/blue_dye": {
    "criteria": {
      "has_lapis_lazuli": "2024-08-29 16:34:42 +0000"
    },
    "done": true
  },
  "minecraft:recipes/decorations/oak_fence": {
    "criteria": {
      "has_planks": "2024-08-29 16:06:56 +0000"
    },
    "done": true
  },
  "twilightforest:alt/treasures/foods/meef": {
    "criteria": {
      "raw": "2024-08-29 20:24:42 +0000"
    },
    "done": true
  },
  "securitycraft:recipes/securitycraft/universal_block_modifier": {
    "criteria": {
      "has_redstone": "2024-08-29 16:16:28 +0000"
    },
    "done": true
  },
  "minecraft:recipes/food/cooked_cod_from_campfire_cooking": {
    "criteria": {
      "has_cod": "2024-08-29 21:20:37 +0000"
    },
    "done": true
  },
  "twilightforest:alt/entities/raven": {
    "criteria": {
      "hurt": "2024-08-29 19:22:41 +0000"
    },
    "done": true
  },
  "securitycraft:recipes/securitycraft/reinforced_sticky_piston": {
    "criteria": {
      "has_slime_ball": "2024-08-29 20:26:05 +0000"
    },
    "done": true
  },
  "minecraft:recipes/building_blocks/orange_concrete_powder": {
    "criteria": {
      "has_sand": "2024-08-29 16:13:03 +0000"
    },
    "done": true
  },
  "minecraft:recipes/food/cooked_porkchop": {
    "criteria": {
      "has_porkchop": "2024-08-29 16:54:27 +0000"
    },
    "done": true
  },
  "minecraft:recipes/building_blocks/oak_slab": {
    "criteria": {
      "has_planks": "2024-08-29 16:06:56 +0000"
    },
    "done": true
  },
  "minecraft:husbandry/tame_an_animal": {
    "criteria": {
      "tamed_animal": "2024-08-29 20:07:56 +0000"
    },
    "done": true
  },
  "securitycraft:recipes/securitycraft/reinforced_crimson_fence": {
    "criteria": {
      "has_stick": "2024-08-29 16:08:31 +0000"
    },
    "done": true
  },
  "twilightforest:alt/major_landmarks/naga_courtyard": {
    "criteria": {
      "discover": "2024-08-29 19:14:54 +0000"
    },
    "done": true
  },
  "minecraft:recipes/food/cooked_porkchop_from_campfire_cooking": {
    "criteria": {
      "has_porkchop": "2024-08-29 16:54:27 +0000"
    },
    "done": true
  },
  "comforts:hammock_white": {
    "criteria": {
      "has_white_wool": "2024-08-29 16:20:33 +0000"
    },
    "done": true
  },
  "minecraft:recipes/building_blocks/granite_stairs": {
    "criteria": {
      "has_granite": "2024-08-29 18:07:46 +0000"
    },
    "done": true
  },
  "minecraft:recipes/misc/cyan_dye": {
    "criteria": {
      "has_blue_dye": "2024-08-29 16:54:18 +0000"
    },
    "done": true
  },
  "minecraft:recipes/brewing/blaze_powder": {
    "criteria": {
      "has_blaze_rod": "2024-08-29 20:38:43 +0000"
    },
    "done": true
  },
  "twilightforest:alt/treasures/minotaur_axe_gold": {
    "criteria": {
      "axe": "2024-08-29 20:52:03 +0000"
    },
    "done": true
  },
  "minecraft:recipes/building_blocks/black_wool": {
    "criteria": {
      "has_white_wool": "2024-08-29 16:20:33 +0000"
    },
    "done": true
  },
  "twilightforest:alt/entities/minoshroom": {
    "criteria": {
      "hurt_by_indirect": "2024-08-29 20:48:06 +0000"
    },
    "done": true
  },
  "backpacked:recipes/backpacked/oak_backpack_shelf": {
    "criteria": {
      "has_stick": "2024-08-29 16:08:31 +0000"
    },
    "done": true
  },
  "dungeons_enhanced:root": {
    "criteria": {
      "entered_desert_tomb": "2024-08-29 16:11:19 +0000"
    },
    "done": true
  },
  "minecraft:recipes/combat/golden_chestplate": {
    "criteria": {
      "has_gold_ingot": "2024-08-29 16:13:53 +0000"
    },
    "done": true
  },
  "minecraft:recipes/food/cooked_salmon_from_smoking": {
    "criteria": {
      "has_salmon": "2024-08-29 21:20:37 +0000"
    },
    "done": true
  },
  "minecraft:recipes/redstone/acacia_pressure_plate": {
    "criteria": {
      "has_planks": "2024-08-29 21:49:09 +0000"
    },
    "done": true
  },
  "minecraft:recipes/building_blocks/diorite_stairs_from_diorite_stonecutting": {
    "criteria": {
      "has_diorite": "2024-08-29 18:37:58 +0000"
    },
    "done": true
  },
  "securitycraft:recipes/securitycraft/universal_key_changer": {
    "criteria": {
      "has_redstone": "2024-08-29 16:16:29 +0000"
    },
    "done": true
  },
  "twilightforest:alt/treasures/shield_scepter": {
    "criteria": {
      "scepter": "2024-08-29 19:42:09 +0000"
    },
    "done": true
  },
  "minecraft:recipes/redstone/birch_button": {
    "criteria": {
      "has_planks": "2024-08-29 16:06:58 +0000"
    },
    "done": true
  },
  "minecraft:recipes/building_blocks/iron_block": {
    "criteria": {
      "has_iron_ingot": "2024-08-29 16:15:14 +0000"
    },
    "done": true
  },
  "twilightforest:alt/treasures/minotaur_axes": {
    "criteria": {
      "gold": "2024-08-29 20:52:03 +0000"
    },
    "done": true
  },
  "minecraft:recipes/building_blocks/acacia_wood": {
    "criteria": {
      "has_log": "2024-08-29 21:49:01 +0000"
    },
    "done": true
  },
  "twilightforest:alt/entities/lich": {
    "criteria": {
      "hurt": "2024-08-29 19:40:41 +0000"
    },
    "done": true
  },
  "minecraft:recipes/decorations/purple_glazed_terracotta": {
    "criteria": {
      "has_purple_terracotta": "2024-08-29 16:14:46 +0000"
    },
    "done": true
  },
  "minecraft:recipes/misc/yellow_dye_from_dandelion": {
    "criteria": {
      "has_yellow_flower": "2024-08-29 19:11:21 +0000"
    },
    "done": true
  },
  "securitycraft:recipes/securitycraft/reinforced_birch_fence": {
    "criteria": {
      "has_stick": "2024-08-29 16:08:31 +0000"
    },
    "done": true
  },
  "minecraft:story/deflect_arrow": {
    "criteria": {
      "deflected_projectile": "2024-08-29 18:36:05 +0000"
    },
    "done": true
  },
  "securitycraft:recipes/securitycraft/username_logger": {
    "criteria": {
      "has_redstone": "2024-08-29 16:16:28 +0000"
    },
    "done": true
  },
  "minecraft:recipes/building_blocks/light_blue_wool": {
    "criteria": {
      "has_white_wool": "2024-08-29 16:20:33 +0000"
    },
    "done": true
  },
  "minecraft:recipes/combat/wooden_sword": {
    "criteria": {
      "has_stick": "2024-08-29 16:08:31 +0000"
    },
    "done": true
  },
  "minecraft:recipes/building_blocks/oak_planks": {
    "criteria": {
      "has_logs": "2024-08-29 16:06:51 +0000"
    },
    "done": true
  },
  "minecraft:recipes/building_blocks/gray_concrete_powder": {
    "criteria": {
      "has_sand": "2024-08-29 16:13:03 +0000"
    },
    "done": true
  },
  "securitycraft:recipes/securitycraft/cage_trap": {
    "criteria": {
      "has_redstone": "2024-08-29 16:16:28 +0000"
    },
    "done": true
  },
  "securitycraft:recipes/securitycraft/smart_module": {
    "criteria": {
      "has_iron": "2024-08-29 16:15:14 +0000"
    },
    "done": true
  },
  "minecraft:recipes/building_blocks/bookshelf": {
    "criteria": {
      "has_book": "2024-08-29 17:00:48 +0000"
    },
    "done": true
  },
  "minecraft:recipes/tools/golden_axe": {
    "criteria": {
      "has_gold_ingot": "2024-08-29 16:13:53 +0000"
    },
    "done": true
  },
  "securitycraft:recipes/securitycraft/block_change_detector": {
    "criteria": {
      "has_iron": "2024-08-29 16:15:14 +0000"
    },
    "done": true
  },
  "minecraft:recipes/tools/iron_axe": {
    "criteria": {
      "has_iron_ingot": "2024-08-29 16:15:14 +0000"
    },
    "done": true
  },
  "minecraft:recipes/building_blocks/glowstone": {
    "criteria": {
      "has_glowstone_dust": "2024-08-29 19:54:13 +0000"
    },
    "done": true
  },
  "hats:hats/non_vanilla_hat": {
    "criteria": {
      "code_trigger": "2024-08-29 20:39:07 +0000"
    },
    "done": true
  },
  "minecraft:recipes/decorations/black_banner": {
    "criteria": {
      "has_black_wool": "2024-08-29 18:07:47 +0000"
    },
    "done": true
  },
  "minecraft:recipes/redstone/tripwire_hook": {
    "criteria": {
      "has_string": "2024-08-29 16:11:49 +0000"
    },
    "done": true
  },
  "morevillagers:map_endcity": {
    "criteria": {
      "hasmap": "2024-08-29 16:34:33 +0000"
    },
    "done": false
  },
  "securitycraft:recipes/securitycraft/reinforced_acacia_fence": {
    "criteria": {
      "has_stick": "2024-08-29 16:08:31 +0000"
    },
    "done": true
  },
  "minecraft:recipes/combat/iron_boots": {
    "criteria": {
      "has_iron_ingot": "2024-08-29 16:15:14 +0000"
    },
    "done": true
  },
  "minecraft:recipes/misc/bone_meal": {
    "criteria": {
      "has_bone": "2024-08-29 16:15:56 +0000"
    },
    "done": true
  },
  "twilightforest:magic_map": {
    "criteria": {
      "map": "2024-08-29 20:05:16 +0000"
    },
    "done": true
  },
  "minecraft:recipes/building_blocks/birch_planks": {
    "criteria": {
      "has_logs": "2024-08-29 16:05:53 +0000"
    },
    "done": true
  },
  "minecraft:recipes/building_blocks/black_concrete_powder": {
    "criteria": {
      "has_sand": "2024-08-29 16:13:03 +0000"
    },
    "done": true
  },
  "twilightforest:alt/biomes/firefly_forest": {
    "criteria": {
      "discover": "2024-08-29 19:17:05 +0000"
    },
    "done": true
  },
  "securitycraft:recipes/securitycraft/reinforced_piston": {
    "criteria": {
      "has_redstone": "2024-08-29 16:16:28 +0000"
    },
    "done": true
  },
  "minecraft:story/iron_tools": {
    "criteria": {
      "iron_pickaxe": "2024-08-29 17:13:14 +0000"
    },
    "done": true
  },
  "comforts:sleeping_bag_white": {
    "criteria": {
      "has_white_wool": "2024-08-29 16:20:33 +0000"
    },
    "done": true
  },
  "usefulbackpacks:recipes/filter_configurator": {
    "criteria": {
      "has_leather": "2024-08-29 16:07:35 +0000"
    },
    "done": true
  },
  "comforts:sleeping_bag_brown": {
    "criteria": {
      "has_brown_wool": "2024-08-29 16:50:37 +0000"
    },
    "done": true
  },
  "minecraft:recipes/decorations/cartography_table": {
    "criteria": {
      "has_paper": "2024-08-29 19:48:51 +0000"
    },
    "done": true
  },
  "minecraft:recipes/building_blocks/sandstone_stairs_from_sandstone_stonecutting": {
    "criteria": {
      "has_sandstone": "2024-08-29 16:10:40 +0000"
    },
    "done": true
  },
  "minecraft:recipes/redstone/birch_fence_gate": {
    "criteria": {
      "has_planks": "2024-08-29 16:06:58 +0000"
    },
    "done": true
  },
  "twilightforest:alt/biomes/mushroom_forest": {
    "criteria": {
      "discover": "2024-08-29 19:24:04 +0000"
    },
    "done": true
  },
  "minecraft:recipes/combat/crossbow": {
    "criteria": {
      "has_stick": "2024-08-29 16:08:31 +0000"
    },
    "done": true
  },
  "minecraft:recipes/combat/iron_chestplate": {
    "criteria": {
      "has_iron_ingot": "2024-08-29 16:15:14 +0000"
    },
    "done": true
  },
  "minecraft:recipes/building_blocks/yellow_wool": {
    "criteria": {
      "has_white_wool": "2024-08-29 16:20:33 +0000"
    },
    "done": true
  },
  "minecraft:recipes/decorations/oak_sign": {
    "criteria": {
      "has_oak_planks": "2024-08-29 16:06:56 +0000"
    },
    "done": true
  },
  "minecraft:recipes/food/cooked_porkchop_from_smoking": {
    "criteria": {
      "has_porkchop": "2024-08-29 16:54:27 +0000"
    },
    "done": true
  },
  "minecraft:recipes/redstone/oak_trapdoor": {
    "criteria": {
      "has_planks": "2024-08-29 16:06:56 +0000"
    },
    "done": true
  },
  "minecraft:recipes/building_blocks/granite_stairs_from_granite_stonecutting": {
    "criteria": {
      "has_granite": "2024-08-29 18:07:46 +0000"
    },
    "done": true
  },
  "minecraft:recipes/building_blocks/polished_diorite_from_diorite_stonecutting": {
    "criteria": {
      "has_diorite": "2024-08-29 18:37:58 +0000"
    },
    "done": true
  },
  "comforts:rope_and_nail": {
    "criteria": {
      "has_iron": "2024-08-29 16:15:14 +0000"
    },
    "done": true
  },
  "twilightforest:alt/major_landmarks/hollow_hills": {
    "criteria": {
      "0": "2024-08-29 19:23:20 +0000"
    },
    "done": true
  },
  "minecraft:recipes/building_blocks/red_concrete_powder": {
    "criteria": {
      "has_sand": "2024-08-29 16:13:03 +0000"
    },
    "done": true
  },
  "securitycraft:recipes/securitycraft/portable_tune_player": {
    "criteria": {
      "has_redstone": "2024-08-29 16:16:28 +0000"
    },
    "done": true
  },
  "minecraft:recipes/decorations/light_blue_bed_from_white_bed": {
    "criteria": {
      "has_bed": "2024-08-29 17:09:35 +0000"
    },
    "done": true
  },
  "hats:hats/wear_hat": {
    "criteria": {
      "code_trigger": "2024-08-29 18:25:30 +0000"
    },
    "done": true
  },
  "minecraft:recipes/misc/iron_nugget_from_blasting": {
    "criteria": {
      "has_iron_sword": "2024-08-29 16:18:03 +0000"
    },
    "done": true
  },
  "betterdungeons:root": {
    "criteria": {
      "always": "2024-08-29 16:05:35 +0000"
    },
    "done": true
  },
  "minecraft:recipes/building_blocks/smooth_sandstone_slab": {
    "criteria": {
      "has_smooth_sandstone": "2024-08-29 16:14:39 +0000"
    },
    "done": true
  },
  "securitycraft:recipes/securitycraft/reinforced_diorite": {
    "criteria": {
      "has_cobblestone": "2024-08-29 16:09:00 +0000"
    },
    "done": true
  },
  "securitycraft:recipes/securitycraft/trophy_system": {
    "criteria": {
      "has_iron": "2024-08-29 16:15:14 +0000"
    },
    "done": true
  },
  "lootr:root": {
    "criteria": {
      "always_true": "2024-08-29 16:05:35 +0000"
    },
    "done": true
  },
  "minecraft:adventure/kill_a_mob": {
    "criteria": {
      "minecraft:husk": "2024-08-29 16:12:27 +0000"
    },
    "done": true
  },
  "securitycraft:recipes/securitycraft/camera_monitor": {
    "criteria": {
      "has_iron": "2024-08-29 16:15:14 +0000"
    },
    "done": true
  },
  "minecraft:recipes/tools/golden_pickaxe": {
    "criteria": {
      "has_gold_ingot": "2024-08-29 16:13:53 +0000"
    },
    "done": true
  },
  "minecraft:recipes/decorations/diorite_wall": {
    "criteria": {
      "has_diorite": "2024-08-29 18:37:58 +0000"
    },
    "done": true
  },
  "twilightforest:alt/entities/pinch_beetle": {
    "criteria": {
      "hurt": "2024-08-29 20:35:31 +0000"
    },
    "done": true
  },
  "securitycraft:recipes/securitycraft/limited_use_keycard": {
    "criteria": {
      "has_iron": "2024-08-29 16:15:14 +0000"
    },
    "done": true
  },
  "minecraft:recipes/redstone/sticky_piston": {
    "criteria": {
      "has_slime_ball": "2024-08-29 20:26:05 +0000"
    },
    "done": true
  },
  "minecraft:recipes/building_blocks/stone": {
    "criteria": {
      "has_cobblestone": "2024-08-29 16:09:00 +0000"
    },
    "done": true
  },
  "vanillahammers:recipes/tools/stone_hammer": {
    "criteria": {
      "has_material": "2024-08-29 16:08:53 +0000"
    },
    "done": true
  },
  "minecraft:adventure/adventuring_time": {
    "criteria": {
      "minecraft:forest": "2024-08-29 16:05:49 +0000",
      "minecraft:desert_hills": "2024-08-29 16:47:57 +0000",
      "minecraft:desert": "2024-08-29 16:10:20 +0000",
      "minecraft:savanna_plateau": "2024-08-29 16:50:21 +0000",
      "minecraft:beach": "2024-08-29 16:26:48 +0000",
      "minecraft:dark_forest": "2024-08-29 18:17:46 +0000",
      "minecraft:river": "2024-08-29 16:07:22 +0000",
      "minecraft:lukewarm_ocean": "2024-08-29 18:08:53 +0000",
      "minecraft:wooded_hills": "2024-08-29 17:08:54 +0000",
      "minecraft:swamp": "2024-08-29 18:10:27 +0000",
      "minecraft:savanna": "2024-08-29 16:49:30 +0000",
      "minecraft:plains": "2024-08-29 16:05:34 +0000"
    },
    "done": false
  },
  "minecraft:recipes/decorations/purple_bed_from_white_bed": {
    "criteria": {
      "has_bed": "2024-08-29 17:09:35 +0000"
    },
    "done": true
  },
  "minecraft:recipes/misc/book": {
    "criteria": {
      "has_paper": "2024-08-29 19:48:51 +0000"
    },
    "done": true
  },
  "iceandfire:iceandfire/kill_stymphalian_bird": {
    "criteria": {
      "killed_fire_dragon": "2024-08-29 18:19:36 +0000"
    },
    "done": true
  },
  "twilightforest:progress_labyrinth": {
    "criteria": {
      "kill_lich": "2024-08-29 19:42:08 +0000"
    },
    "done": false
  },
  "securitycraft:recipes/securitycraft/whitelist_module": {
    "criteria": {
      "has_iron": "2024-08-29 16:15:14 +0000"
    },
    "done": true
  },
  "vanillahammers:recipes/tools/wood_hammer": {
    "criteria": {
      "has_material": "2024-08-29 16:05:53 +0000"
    },
    "done": true
  },
  "minecraft:recipes/combat/stone_sword": {
    "criteria": {
      "has_cobblestone": "2024-08-29 16:09:00 +0000"
    },
    "done": true
  },
  "minecraft:recipes/decorations/barrel": {
    "criteria": {
      "has_planks": "2024-08-29 16:06:56 +0000"
    },
    "done": true
  },
  "securitycraft:recipes/securitycraft/reinforced_warped_fence": {
    "criteria": {
      "has_stick": "2024-08-29 16:08:31 +0000"
    },
    "done": true
  },
  "minecraft:recipes/decorations/cobblestone_wall": {
    "criteria": {
      "has_cobblestone": "2024-08-29 16:09:00 +0000"
    },
    "done": true
  },
  "minecraft:recipes/building_blocks/mossy_stone_brick_slab": {
    "criteria": {
      "has_mossy_stone_bricks": "2024-08-29 16:58:12 +0000"
    },
    "done": true
  },
  "minecraft:recipes/brewing/fermented_spider_eye": {
    "criteria": {
      "has_spider_eye": "2024-08-29 16:40:22 +0000"
    },
    "done": true
  },
  "minecraft:recipes/tools/stone_pickaxe": {
    "criteria": {
      "has_cobblestone": "2024-08-29 16:09:00 +0000"
    },
    "done": true
  },
  "minecraft:recipes/decorations/smithing_table": {
    "criteria": {
      "has_iron_ingot": "2024-08-29 16:15:14 +0000"
    },
    "done": true
  },
  "minecraft:recipes/combat/leather_boots": {
    "criteria": {
      "has_leather": "2024-08-29 16:07:35 +0000"
    },
    "done": true
  },
  "minecraft:recipes/misc/purple_dye": {
    "criteria": {
      "has_blue_dye": "2024-08-29 16:54:18 +0000"
    },
    "done": true
  },
  "minecraft:recipes/decorations/cobblestone_wall_from_cobblestone_stonecutting": {
    "criteria": {
      "has_cobblestone": "2024-08-29 16:09:00 +0000"
    },
    "done": true
  },
  "minecraft:recipes/building_blocks/cut_sandstone_slab": {
    "criteria": {
      "has_cut_sandstone": "2024-08-29 16:11:25 +0000"
    },
    "done": true
  },
  "minecraft:recipes/building_blocks/polished_andesite_slab_from_polished_andesite_stonecutting": {
    "criteria": {
      "has_polished_andesite": "2024-08-29 19:15:56 +0000"
    },
    "done": true
  },
  "minecraft:recipes/decorations/brown_carpet": {
    "criteria": {
      "has_brown_wool": "2024-08-29 16:50:37 +0000"
    },
    "done": true
  },
  "minecraft:recipes/building_blocks/diamond_block": {
    "criteria": {
      "has_diamond": "2024-08-29 16:15:14 +0000"
    },
    "done": true
  },
  "minecraft:recipes/building_blocks/lapis_block": {
    "criteria": {
      "has_lapis": "2024-08-29 16:34:42 +0000"
    },
    "done": true
  },
  "minecraft:recipes/decorations/acacia_sign": {
    "criteria": {
      "has_acacia_planks": "2024-08-29 21:49:09 +0000"
    },
    "done": true
  },
  "backpacked:recipes/backpacked/birch_backpack_shelf": {
    "criteria": {
      "has_stick": "2024-08-29 16:08:31 +0000"
    },
    "done": true
  },
  "dungeons_arise:wda_root": {
    "criteria": {
      "WDA": "2024-08-29 16:05:35 +0000"
    },
    "done": true
  },
  "minecraft:recipes/building_blocks/stripped_oak_wood": {
    "criteria": {
      "has_log": "2024-08-29 21:36:12 +0000"
    },
    "done": true
  },
  "minecraft:recipes/food/cooked_cod_from_smoking": {
    "criteria": {
      "has_cod": "2024-08-29 21:20:37 +0000"
    },
    "done": true
  },
  "minecraft:recipes/decorations/lantern": {
    "criteria": {
      "has_iron_ingot": "2024-08-29 16:15:14 +0000"
    },
    "done": true
  },
  "securitycraft:recipes/securitycraft/reinforced_oak_fence_gate": {
    "criteria": {
      "has_stick": "2024-08-29 16:08:31 +0000"
    },
    "done": true
  },
  "lootr:50loot": {
    "criteria": {
      "loot_stat": "2024-08-29 20:34:08 +0000"
    },
    "done": true
  },
  "twilightforest:alt/treasures/tools": {
    "criteria": {
      "1": "2024-08-29 20:34:30 +0000"
    },
    "done": true
  },
  "minecraft:recipes/decorations/sandstone_wall": {
    "criteria": {
      "has_sandstone": "2024-08-29 16:10:40 +0000"
    },
    "done": true
  },
  "minecraft:recipes/misc/gold_nugget_from_smelting": {
    "criteria": {
      "has_golden_pickaxe": "2024-08-29 16:16:28 +0000"
    },
    "done": true
  },
  "twilightforest:alt/major_landmarks/labyrinth": {
    "criteria": {
      "discover": "2024-08-29 20:24:13 +0000"
    },
    "done": true
  },
  "minecraft:recipes/building_blocks/polished_diorite": {
    "criteria": {
      "has_stone": "2024-08-29 18:37:58 +0000"
    },
    "done": true
  },
  "comforts:hammock_brown": {
    "criteria": {
      "has_brown_wool": "2024-08-29 16:50:37 +0000"
    },
    "done": true
  },
  "minecraft:recipes/decorations/andesite_wall": {
    "criteria": {
      "has_andesite": "2024-08-29 16:08:53 +0000"
    },
    "done": true
  },
  "minecraft:recipes/building_blocks/light_gray_wool": {
    "criteria": {
      "has_white_wool": "2024-08-29 16:20:33 +0000"
    },
    "done": true
  },
  "twilightforest:alt/treasures/charm_of_keeping": {
    "criteria": {
      "1": "2024-08-29 20:36:54 +0000"
    },
    "done": true
  },
  "minecraft:recipes/building_blocks/andesite_slab": {
    "criteria": {
      "has_andesite": "2024-08-29 16:08:53 +0000"
    },
    "done": true
  },
  "minecraft:recipes/decorations/red_bed_from_white_bed": {
    "criteria": {
      "has_bed": "2024-08-29 17:09:35 +0000"
    },
    "done": true
  },
  "minecraft:recipes/food/cooked_chicken": {
    "criteria": {
      "has_chicken": "2024-08-29 21:19:36 +0000"
    },
    "done": true
  },
  "minecraft:recipes/building_blocks/red_wool": {
    "criteria": {
      "has_white_wool": "2024-08-29 16:20:33 +0000"
    },
    "done": true
  },
  "minecraft:recipes/building_blocks/acacia_stairs": {
    "criteria": {
      "has_planks": "2024-08-29 21:49:09 +0000"
    },
    "done": true
  },
  "securitycraft:recipes/securitycraft/alarm": {
    "criteria": {
      "has_redstone": "2024-08-29 16:16:28 +0000"
    },
    "done": true
  },
  "minecraft:recipes/tools/stone_axe": {
    "criteria": {
      "has_cobblestone": "2024-08-29 16:09:00 +0000"
    },
    "done": true
  },
  "minecraft:recipes/food/cooked_mutton": {
    "criteria": {
      "has_mutton": "2024-08-29 16:50:35 +0000"
    },
    "done": true
  },
  "securitycraft:recipes/securitycraft/disguise_module": {
    "criteria": {
      "has_iron": "2024-08-29 16:15:14 +0000"
    },
    "done": true
  },
  "usefulbackpacks:recipes/backpack_large": {
    "criteria": {
      "has_medium_backpack": "2024-08-29 16:54:07 +0000"
    },
    "done": true
  },
  "securitycraft:recipes/securitycraft/reinforced_dark_oak_fence": {
    "criteria": {
      "has_stick": "2024-08-29 16:08:31 +0000"
    },
    "done": true
  },
  "minecraft:recipes/building_blocks/purple_wool": {
    "criteria": {
      "has_white_wool": "2024-08-29 16:20:33 +0000"
    },
    "done": true
  },
  "minecraft:recipes/building_blocks/cobblestone_stairs_from_cobblestone_stonecutting": {
    "criteria": {
      "has_cobblestone": "2024-08-29 16:09:00 +0000"
    },
    "done": true
  },
  "comforts:hammock_black": {
    "criteria": {
      "has_black_wool": "2024-08-29 18:07:47 +0000"
    },
    "done": true
  },
  "twilightforest:alt/treasures/trophies": {
    "criteria": {
      "1": "2024-08-29 19:15:51 +0000"
    },
    "done": true
  },
  "twilightforest:alt/treasures/foods/maze_wafer": {
    "criteria": {
      "food": "2024-08-29 20:34:30 +0000"
    },
    "done": true
  },
  "minecraft:recipes/building_blocks/magenta_concrete_powder": {
    "criteria": {
      "has_sand": "2024-08-29 16:13:03 +0000"
    },
    "done": true
  },
  "securitycraft:recipes/securitycraft/panic_button": {
    "criteria": {
      "has_redstone": "2024-08-29 16:16:28 +0000"
    },
    "done": true
  },
  "minecraft:recipes/misc/writable_book": {
    "criteria": {
      "has_book": "2024-08-29 17:00:48 +0000"
    },
    "done": true
  },
  "minecraft:recipes/misc/wheat": {
    "criteria": {
      "has_hay_block": "2024-08-29 16:23:47 +0000"
    },
    "done": true
  },
  "minecraft:recipes/building_blocks/polished_andesite_stairs_from_andesite_stonecutting": {
    "criteria": {
      "has_andesite": "2024-08-29 16:08:53 +0000"
    },
    "done": true
  },
  "minecraft:recipes/decorations/white_bed": {
    "criteria": {
      "has_white_wool": "2024-08-29 16:20:33 +0000"
    },
    "done": true
  },
  "minecraft:recipes/building_blocks/polished_andesite_stairs": {
    "criteria": {
      "has_polished_andesite": "2024-08-29 19:15:56 +0000"
    },
    "done": true
  },
  "securitycraft:recipes/securitycraft/reinforced_spruce_fence": {
    "criteria": {
      "has_stick": "2024-08-29 16:08:31 +0000"
    },
    "done": true
  },
  "hats:hats/accessory_in_accessory": {
    "criteria": {
      "code_trigger": "2024-08-29 21:14:42 +0000"
    },
    "done": true
  },
  "minecraft:recipes/building_blocks/cut_sandstone_from_sandstone_stonecutting": {
    "criteria": {
      "has_sandstone": "2024-08-29 16:10:40 +0000"
    },
    "done": true
  },
  "minecraft:recipes/building_blocks/stone_brick_slab_from_stone_bricks_stonecutting": {
    "criteria": {
      "has_stone_bricks": "2024-08-29 16:57:58 +0000"
    },
    "done": true
  },
  "iceandfire:iceandfire/bestiary": {
    "criteria": {
      "bestiary": "2024-08-29 17:00:37 +0000"
    },
    "done": true
  },
  "minecraft:recipes/redstone/birch_pressure_plate": {
    "criteria": {
      "has_planks": "2024-08-29 16:06:58 +0000"
    },
    "done": true
  },
  "minecraft:recipes/decorations/campfire": {
    "criteria": {
      "has_stick": "2024-08-29 16:08:31 +0000"
    },
    "done": true
  },
  "minecraft:recipes/tools/golden_hoe": {
    "criteria": {
      "has_gold_ingot": "2024-08-29 16:13:53 +0000"
    },
    "done": true
  },
  "minecraft:recipes/food/bread": {
    "criteria": {
      "has_the_recipe": "2024-08-29 17:03:19 +0000"
    },
    "done": true
  },
  "minecraft:recipes/building_blocks/diorite_slab_from_diorite_stonecutting": {
    "criteria": {
      "has_diorite": "2024-08-29 18:37:58 +0000"
    },
    "done": true
  },
  "minecraft:recipes/misc/iron_nugget": {
    "criteria": {
      "has_iron_ingot": "2024-08-29 16:15:14 +0000"
    },
    "done": true
  },
  "minecraft:recipes/building_blocks/brown_concrete_powder": {
    "criteria": {
      "has_sand": "2024-08-29 16:13:03 +0000"
    },
    "done": true
  },
  "twilightforest:alt/entities/maze_slime": {
    "criteria": {
      "hurt": "2024-08-29 20:26:00 +0000"
    },
    "done": true
  },
  "minecraft:recipes/decorations/black_bed_from_white_bed": {
    "criteria": {
      "has_bed": "2024-08-29 17:09:35 +0000"
    },
    "done": true
  },
  "securitycraft:recipes/securitycraft/track_mine": {
    "criteria": {
      "has_iron": "2024-08-29 16:15:14 +0000"
    },
    "done": true
  },
  "backpacked:recipes/backpacked/warped_backpack_shelf": {
    "criteria": {
      "has_stick": "2024-08-29 16:08:31 +0000"
    },
    "done": true
  },
  "minecraft:recipes/decorations/blue_stained_glass_pane_from_glass_pane": {
    "criteria": {
      "has_blue_dye": "2024-08-29 16:54:18 +0000"
    },
    "done": true
  },
  "minecraft:recipes/combat/diamond_sword": {
    "criteria": {
      "has_diamond": "2024-08-29 16:15:14 +0000"
    },
    "done": true
  },
  "minecraft:recipes/building_blocks/cyan_wool": {
    "criteria": {
      "has_white_wool": "2024-08-29 16:20:33 +0000"
    },
    "done": true
  },
  "minecraft:recipes/transportation/spruce_boat": {
    "criteria": {
      "in_water": "2024-08-29 16:07:23 +0000"
    },
    "done": true
  },
  "securitycraft:recipes/securitycraft/reinforced_oak_fence": {
    "criteria": {
      "has_stick": "2024-08-29 16:08:31 +0000"
    },
    "done": true
  },
  "minecraft:recipes/decorations/jukebox": {
    "criteria": {
      "has_diamond": "2024-08-29 16:15:14 +0000"
    },
    "done": true
  },
  "minecraft:recipes/building_blocks/cracked_stone_bricks": {
    "criteria": {
      "has_stone_bricks": "2024-08-29 16:57:58 +0000"
    },
    "done": true
  },
  "securitycraft:recipes/securitycraft/blacklist_module": {
    "criteria": {
      "has_iron": "2024-08-29 16:15:14 +0000"
    },
    "done": true
  },
  "securitycraft:recipes/securitycraft/speed_module": {
    "criteria": {
      "has_iron": "2024-08-29 16:15:14 +0000"
    },
    "done": true
  },
  "minecraft:recipes/tools/flint_and_steel": {
    "criteria": {
      "has_flint": "2024-08-29 18:45:12 +0000"
    },
    "done": true
  },
  "securitycraft:recipes/securitycraft/harming_module": {
    "criteria": {
      "has_iron": "2024-08-29 16:15:14 +0000"
    },
    "done": true
  },
  "minecraft:recipes/food/mushroom_stew": {
    "criteria": {
      "has_brown_mushroom": "2024-08-29 18:19:59 +0000"
    },
    "done": true
  },
  "minecraft:recipes/building_blocks/gray_wool": {
    "criteria": {
      "has_white_wool": "2024-08-29 16:20:33 +0000"
    },
    "done": true
  },
  "minecraft:recipes/building_blocks/polished_granite_from_granite_stonecutting": {
    "criteria": {
      "has_granite": "2024-08-29 18:07:46 +0000"
    },
    "done": true
  },
  "minecraft:recipes/misc/gold_nugget": {
    "criteria": {
      "has_gold_ingot": "2024-08-29 16:13:53 +0000"
    },
    "done": true
  },
  "minecraft:recipes/misc/sugar_from_sugar_cane": {
    "criteria": {
      "has_reeds": "2024-08-29 18:23:59 +0000"
    },
    "done": true
  },
  "securitycraft:recipes/securitycraft/keypad_frame": {
    "criteria": {
      "has_redstone": "2024-08-29 16:16:29 +0000"
    },
    "done": true
  },
  "minecraft:husbandry/balanced_diet": {
    "criteria": {
      "cooked_porkchop": "2024-08-29 20:04:08 +0000",
      "cooked_mutton": "2024-08-29 20:32:42 +0000",
      "cooked_beef": "2024-08-29 16:19:37 +0000",
      "beef": "2024-08-29 16:11:09 +0000",
      "bread": "2024-08-29 16:19:51 +0000",
      "golden_apple": "2024-08-29 18:18:12 +0000",
      "cooked_chicken": "2024-08-29 18:34:24 +0000",
      "cooked_salmon": "2024-08-29 20:02:16 +0000"
    },
    "done": false
  },
  "twilightforest:alt/biomes/general_biomes": {
    "criteria": {
      "0": "2024-08-29 19:08:53 +0000"
    },
    "done": true
  },
  "twilightforest:alt/entities/wolves": {
    "criteria": {
      "0": "2024-08-29 19:11:24 +0000"
    },
    "done": true
  },
  "minecraft:recipes/tools/wooden_hoe": {
    "criteria": {
      "has_stick": "2024-08-29 16:08:31 +0000"
    },
    "done": true
  },
  "minecraft:recipes/building_blocks/smooth_sandstone_slab_from_smooth_sandstone_stonecutting": {
    "criteria": {
      "has_smooth_sandstone": "2024-08-29 16:14:39 +0000"
    },
    "done": true
  },
  "minecraft:recipes/food/cooked_cod": {
    "criteria": {
      "has_cod": "2024-08-29 21:20:37 +0000"
    },
    "done": true
  },
  "minecraft:recipes/misc/bucket": {
    "criteria": {
      "has_iron_ingot": "2024-08-29 16:15:14 +0000"
    },
    "done": true
  },
  "twilightforest:alt/treasures/charms": {
    "criteria": {
      "1": "2024-08-29 20:36:54 +0000"
    },
    "done": true
  },
  "minecraft:recipes/building_blocks/cobblestone_stairs": {
    "criteria": {
      "has_cobblestone": "2024-08-29 16:09:00 +0000"
    },
    "done": true
  },
  "minecraft:recipes/building_blocks/diorite_slab": {
    "criteria": {
      "has_diorite": "2024-08-29 18:37:58 +0000"
    },
    "done": true
  },
  "minecraft:recipes/building_blocks/stone_brick_stairs_from_stone_bricks_stonecutting": {
    "criteria": {
      "has_stone_bricks": "2024-08-29 16:57:58 +0000"
    },
    "done": true
  },
  "minecraft:recipes/building_blocks/birch_slab": {
    "criteria": {
      "has_planks": "2024-08-29 16:06:58 +0000"
    },
    "done": true
  },
  "securitycraft:recipes/securitycraft/reinforced_bookshelf": {
    "criteria": {
      "has_book": "2024-08-29 17:00:48 +0000"
    },
    "done": true
  },
  "minecraft:recipes/building_blocks/chiseled_sandstone_from_sandstone_stonecutting": {
    "criteria": {
      "has_sandstone": "2024-08-29 16:10:40 +0000"
    },
    "done": true
  },
  "minecraft:recipes/decorations/yellow_bed_from_white_bed": {
    "criteria": {
      "has_bed": "2024-08-29 17:09:35 +0000"
    },
    "done": true
  },
  "minecraft:recipes/building_blocks/mossy_stone_brick_stairs_from_mossy_stone_brick_stonecutting": {
    "criteria": {
      "has_mossy_stone_bricks": "2024-08-29 16:58:12 +0000"
    },
    "done": true
  },
  "minecraft:recipes/decorations/granite_wall": {
    "criteria": {
      "has_granite": "2024-08-29 18:07:46 +0000"
    },
    "done": true
  },
  "minecraft:recipes/redstone/note_block": {
    "criteria": {
      "has_redstone": "2024-08-29 16:16:28 +0000"
    },
    "done": true
  },
  "twilightforest:arborist": {
    "criteria": {
      "twilight_oak_log": "2024-08-29 19:54:17 +0000",
      "twilight_oak_sapling": "2024-08-29 19:15:19 +0000",
      "twilight_oak_stairs": "2024-08-29 19:12:58 +0000",
      "canopy_planks": "2024-08-29 19:30:08 +0000",
      "canopy_log": "2024-08-29 19:30:02 +0000",
      "canopy_sapling": "2024-08-29 19:14:44 +0000"
    },
    "done": false
  },
  "securitycraft:recipes/securitycraft/redstone_module": {
    "criteria": {
      "has_iron": "2024-08-29 16:15:14 +0000"
    },
    "done": true
  },
  "twilightforest:alt/entities/swarm_spider": {
    "criteria": {
      "hurt_by_indirect": "2024-08-29 19:11:44 +0000"
    },
    "done": true
  },
  "minecraft:recipes/decorations/white_banner": {
    "criteria": {
      "has_white_wool": "2024-08-29 16:20:33 +0000"
    },
    "done": true
  },
  "toolbelt:recipes/belt": {
    "criteria": {
      "has_leather": "2024-08-29 16:07:35 +0000"
    },
    "done": true
  },
  "minecraft:recipes/building_blocks/light_blue_concrete_powder": {
    "criteria": {
      "has_sand": "2024-08-29 16:13:03 +0000"
    },
    "done": true
  },
  "usefulbackpacks:recipes/filter_tag": {
    "criteria": {
      "has_small_backpack": "2024-08-29 16:20:49 +0000"
    },
    "done": true
  },
  "twilightforest:alt/treasures/maps": {
    "criteria": {
      "0": "2024-08-29 19:54:28 +0000"
    },
    "done": true
  },
  "backpacked:recipes/backpacked/dark_oak_backpack_shelf": {
    "criteria": {
      "has_stick": "2024-08-29 16:08:31 +0000"
    },
    "done": true
  },
  "minecraft:recipes/misc/leather_horse_armor": {
    "criteria": {
      "has_leather": "2024-08-29 16:07:35 +0000"
    },
    "done": true
  },
  "minecraft:recipes/building_blocks/hay_block": {
    "criteria": {
      "has_wheat": "2024-08-29 19:10:25 +0000"
    },
    "done": true
  },
  "minecraft:recipes/building_blocks/glass": {
    "criteria": {
      "has_sand": "2024-08-29 16:13:03 +0000"
    },
    "done": true
  },
  "minecraft:recipes/decorations/white_glazed_terracotta": {
    "criteria": {
      "has_white_terracotta": "2024-08-29 21:31:38 +0000"
    },
    "done": true
  },
  "minecraft:recipes/tools/golden_shovel": {
    "criteria": {
      "has_gold_ingot": "2024-08-29 16:13:53 +0000"
    },
    "done": true
  },
  "minecraft:recipes/combat/iron_helmet": {
    "criteria": {
      "has_iron_ingot": "2024-08-29 16:15:14 +0000"
    },
    "done": true
  },
  "minecraft:recipes/combat/bow": {
    "criteria": {
      "has_string": "2024-08-29 16:11:49 +0000"
    },
    "done": true
  },
  "minecraft:recipes/misc/magenta_dye_from_blue_red_white_dye": {
    "criteria": {
      "has_blue_dye": "2024-08-29 16:54:18 +0000"
    },
    "done": true
  },
  "minecraft:recipes/redstone/oak_fence_gate": {
    "criteria": {
      "has_planks": "2024-08-29 16:06:56 +0000"
    },
    "done": true
  },
  "minecraft:recipes/redstone/tnt": {
    "criteria": {
      "has_gunpowder": "2024-08-29 16:13:45 +0000"
    },
    "done": true
  },
  "minecraft:recipes/food/cooked_chicken_from_smoking": {
    "criteria": {
      "has_chicken": "2024-08-29 21:19:36 +0000"
    },
    "done": true
  },
  "twilightforest:alt/treasures/magic_map": {
    "criteria": {
      "magic_map_focus": "2024-08-29 19:54:28 +0000"
    },
    "done": true
  },
  "minecraft:recipes/building_blocks/acacia_slab": {
    "criteria": {
      "has_planks": "2024-08-29 21:49:09 +0000"
    },
    "done": true
  },
  "minecraft:recipes/building_blocks/smooth_sandstone": {
    "criteria": {
      "has_sandstone": "2024-08-29 16:10:40 +0000"
    },
    "done": true
  },
  "minecraft:recipes/building_blocks/cut_sandstone_slab_from_cut_sandstone_stonecutting": {
    "criteria": {
      "has_cut_sandstone": "2024-08-29 16:10:40 +0000"
    },
    "done": true
  },
  "minecraft:recipes/building_blocks/purple_concrete_powder": {
    "criteria": {
      "has_sand": "2024-08-29 16:13:03 +0000"
    },
    "done": true
  },
  "twilightforest:alt/biomes/twilight_forest": {
    "criteria": {
      "discover": "2024-08-29 19:08:53 +0000"
    },
    "done": true
  },
  "twilightforest:alt/treasures/zombie_scepter": {
    "criteria": {
      "scepter": "2024-08-29 20:12:53 +0000"
    },
    "done": true
  },
  "minecraft:recipes/decorations/diorite_wall_from_diorite_stonecutting": {
    "criteria": {
      "has_diorite": "2024-08-29 18:37:58 +0000"
    },
    "done": true
  },
  "minecraft:recipes/decorations/orange_bed_from_white_bed": {
    "criteria": {
      "has_bed": "2024-08-29 17:09:35 +0000"
    },
    "done": true
  },
  "twilightforest:alt/entities/fire_beetle": {
    "criteria": {
      "hurt": "2024-08-29 20:35:47 +0000"
    },
    "done": true
  },
  "securitycraft:recipes/securitycraft/reinforced_birch_fence_gate": {
    "criteria": {
      "has_stick": "2024-08-29 16:08:31 +0000"
    },
    "done": true
  },
  "twilightforest:alt/biomes/oak_savannah": {
    "criteria": {
      "discover": "2024-08-29 19:46:06 +0000"
    },
    "done": true
  },
  "minecraft:recipes/combat/diamond_chestplate": {
    "criteria": {
      "has_diamond": "2024-08-29 16:15:14 +0000"
    },
    "done": true
  },
  "minecraft:story/mine_stone": {
    "criteria": {
      "get_stone": "2024-08-29 16:09:00 +0000"
    },
    "done": true
  },
  "twilightforest:alt/entities/animals": {
    "criteria": {
      "3": "2024-08-29 19:22:41 +0000"
    },
    "done": true
  },
  "minecraft:recipes/redstone/target": {
    "criteria": {
      "has_redstone": "2024-08-29 16:16:29 +0000"
    },
    "done": true
  },
  "minecraft:recipes/decorations/furnace": {
    "criteria": {
      "has_cobblestone": "2024-08-29 16:09:00 +0000"
    },
    "done": true
  },
  "minecraft:recipes/transportation/minecart": {
    "criteria": {
      "has_iron_ingot": "2024-08-29 16:15:14 +0000"
    },
    "done": true
  },
  "securitycraft:recipes/securitycraft/reinforced_acacia_fence_gate": {
    "criteria": {
      "has_stick": "2024-08-29 16:08:31 +0000"
    },
    "done": true
  },
  "minecraft:recipes/misc/charcoal": {
    "criteria": {
      "has_log": "2024-08-29 16:05:53 +0000"
    },
    "done": true
  },
  "minecraft:recipes/building_blocks/andesite_stairs": {
    "criteria": {
      "has_andesite": "2024-08-29 16:08:53 +0000"
    },
    "done": true
  },
  "minecraft:recipes/building_blocks/orange_wool": {
    "criteria": {
      "has_white_wool": "2024-08-29 16:20:33 +0000"
    },
    "done": true
  },
  "minecraft:recipes/tools/wooden_pickaxe": {
    "criteria": {
      "has_the_recipe": "2024-08-29 16:07:16 +0000"
    },
    "done": true
  },
  "minecraft:recipes/tools/iron_hoe": {
    "criteria": {
      "has_iron_ingot": "2024-08-29 16:15:14 +0000"
    },
    "done": true
  },
  "minecraft:recipes/building_blocks/mossy_stone_brick_stairs": {
    "criteria": {
      "has_mossy_stone_bricks": "2024-08-29 16:58:12 +0000"
    },
    "done": true
  },
  "minecraft:husbandry/root": {
    "criteria": {
      "consumed_item": "2024-08-29 16:11:09 +0000"
    },
    "done": true
  },
  "minecraft:recipes/redstone/redstone_torch": {
    "criteria": {
      "has_redstone": "2024-08-29 16:16:29 +0000"
    },
    "done": true
  },
  "minecraft:recipes/building_blocks/stone_brick_slab": {
    "criteria": {
      "has_stone_bricks": "2024-08-29 16:57:58 +0000"
    },
    "done": true
  },
  "minecraft:recipes/transportation/birch_boat": {
    "criteria": {
      "in_water": "2024-08-29 16:07:23 +0000"
    },
    "done": true
  },
  "minecraft:recipes/food/golden_apple": {
    "criteria": {
      "has_gold_ingot": "2024-08-29 16:13:53 +0000"
    },
    "done": true
  },
  "securitycraft:recipes/securitycraft/sonic_security_system": {
    "criteria": {
      "has_stick": "2024-08-29 16:08:31 +0000"
    },
    "done": true
  },
  "minecraft:recipes/building_blocks/polished_granite_slab_from_granite_stonecutting": {
    "criteria": {
      "has_granite": "2024-08-29 18:07:46 +0000"
    },
    "done": true
  },
  "minecraft:recipes/building_blocks/green_concrete_powder": {
    "criteria": {
      "has_sand": "2024-08-29 16:13:03 +0000"
    },
    "done": true
  },
  "lootr:10loot": {
    "criteria": {
      "loot_stat": "2024-08-29 16:17:53 +0000"
    },
    "done": true
  },
  "minecraft:recipes/building_blocks/polished_andesite_from_andesite_stonecutting": {
    "criteria": {
      "has_andesite": "2024-08-29 16:08:53 +0000"
    },
    "done": true
  },
  "minecraft:recipes/tools/iron_shovel": {
    "criteria": {
      "has_iron_ingot": "2024-08-29 16:15:14 +0000"
    },
    "done": true
  },
  "minecraft:recipes/redstone/acacia_door": {
    "criteria": {
      "has_planks": "2024-08-29 21:49:09 +0000"
    },
    "done": true
  },
  "minecraft:recipes/decorations/cyan_bed_from_white_bed": {
    "criteria": {
      "has_bed": "2024-08-29 17:09:35 +0000"
    },
    "done": true
  },
  "minecraft:recipes/misc/bowl": {
    "criteria": {
      "has_brown_mushroom": "2024-08-29 18:19:59 +0000"
    },
    "done": true
  },
  "minecraft:recipes/food/cooked_salmon_from_campfire_cooking": {
    "criteria": {
      "has_salmon": "2024-08-29 21:20:37 +0000"
    },
    "done": true
  },
  "minecraft:recipes/decorations/item_frame": {
    "criteria": {
      "has_leather": "2024-08-29 16:07:35 +0000"
    },
    "done": true
  },
  "minecraft:recipes/decorations/lime_bed_from_white_bed": {
    "criteria": {
      "has_bed": "2024-08-29 17:09:35 +0000"
    },
    "done": true
  },
  "minecraft:recipes/tools/stone_hoe": {
    "criteria": {
      "has_cobblestone": "2024-08-29 16:09:00 +0000"
    },
    "done": true
  },
  "minecraft:recipes/tools/clock": {
    "criteria": {
      "has_redstone": "2024-08-29 16:16:29 +0000"
    },
    "done": true
  },
  "minecraft:recipes/tools/diamond_hoe": {
    "criteria": {
      "has_diamond": "2024-08-29 16:15:14 +0000"
    },
    "done": true
  },
  "minecraft:recipes/transportation/activator_rail": {
    "criteria": {
      "has_rail": "2024-08-29 18:44:54 +0000"
    },
    "done": true
  },
  "minecraft:recipes/combat/spectral_arrow": {
    "criteria": {
      "has_glowstone_dust": "2024-08-29 19:54:13 +0000"
    },
    "done": true
  },
  "minecraft:recipes/tools/diamond_shovel": {
    "criteria": {
      "has_diamond": "2024-08-29 16:15:14 +0000"
    },
    "done": true
  },
  "minecraft:recipes/decorations/green_bed_from_white_bed": {
    "criteria": {
      "has_bed": "2024-08-29 17:09:35 +0000"
    },
    "done": true
  },
  "twilightforest:alt/major_landmarks/small_hollow_hill": {
    "criteria": {
      "discover": "2024-08-29 19:23:20 +0000"
    },
    "done": true
  },
  "minecraft:adventure/trade": {
    "criteria": {
      "traded": "2024-08-29 18:00:08 +0000"
    },
    "done": true
  },
  "minecraft:recipes/building_blocks/granite_slab": {
    "criteria": {
      "has_granite": "2024-08-29 18:07:46 +0000"
    },
    "done": true
  },
  "twilightforest:alt/entities/death_tome": {
    "criteria": {
      "hurt_by_indirect": "2024-08-29 19:48:45 +0000"
    },
    "done": true
  },
  "minecraft:recipes/building_blocks/smooth_sandstone_stairs": {
    "criteria": {
      "has_smooth_sandstone": "2024-08-29 16:14:39 +0000"
    },
    "done": true
  },
  "minecraft:recipes/decorations/white_carpet": {
    "criteria": {
      "has_white_wool": "2024-08-29 16:20:33 +0000"
    },
    "done": true
  },
  "minecraft:recipes/building_blocks/red_sandstone_slab": {
    "criteria": {
      "has_chiseled_red_sandstone": "2024-08-29 16:42:34 +0000"
    },
    "done": true
  },
  "minecraft:recipes/redstone/birch_door": {
    "criteria": {
      "has_planks": "2024-08-29 16:06:58 +0000"
    },
    "done": true
  },
  "morevillagers:all_workstations_get": {
    "criteria": {
      "blueprinttable": "2024-08-29 16:22:45 +0000",
      "fletchingtable": "2024-08-29 16:59:54 +0000",
      "gardeningtable": "2024-08-29 21:28:11 +0000",
      "lectern": "2024-08-29 17:07:16 +0000",
      "woodworkingtable": "2024-08-29 17:07:32 +0000",
      "composter": "2024-08-29 21:23:10 +0000"
    },
    "done": false
  },
  "twilightforest:root": {
    "criteria": {
      "make_portal": "2024-08-29 19:08:44 +0000"
    },
    "done": true
  },
  "minecraft:recipes/decorations/slime_block": {
    "criteria": {
      "has_slime_ball": "2024-08-29 20:26:05 +0000"
    },
    "done": true
  },
  "twilightforest:alt/treasures/ironwood_armor_set": {
    "criteria": {
      "ingredien2": "2024-08-29 20:36:38 +0000"
    },
    "done": true
  },
  "morevillagers:map_bastion": {
    "criteria": {
      "hasmap": "2024-08-29 16:34:33 +0000"
    },
    "done": false
  },
  "twilightforest:alt/entities/minotaur": {
    "criteria": {
      "hurt_by_indirect": "2024-08-29 20:24:39 +0000"
    },
    "done": true
  },
  "minecraft:recipes/misc/gold_ingot_from_nuggets": {
    "criteria": {
      "has_gold_nugget": "2024-08-29 16:13:53 +0000"
    },
    "done": true
  },
  "minecraft:recipes/building_blocks/cut_red_sandstone_slab": {
    "criteria": {
      "has_cut_red_sandstone": "2024-08-29 16:14:50 +0000"
    },
    "done": true
  },
  "usefulbackpacks:recipes/backpack_medium": {
    "criteria": {
      "has_small_backpack": "2024-08-29 16:20:49 +0000"
    },
    "done": true
  },
  "lootr:25loot": {
    "criteria": {
      "loot_stat": "2024-08-29 18:14:38 +0000"
    },
    "done": true
  },
  "minecraft:story/mine_diamond": {
    "criteria": {
      "diamond": "2024-08-29 16:15:14 +0000"
    },
    "done": true
  },
  "minecraft:story/upgrade_tools": {
    "criteria": {
      "stone_pickaxe": "2024-08-29 16:10:05 +0000"
    },
    "done": true
  },
  "minecraft:recipes/combat/diamond_helmet": {
    "criteria": {
      "has_diamond": "2024-08-29 16:15:14 +0000"
    },
    "done": true
  },
  "minecraft:recipes/building_blocks/polished_granite_stairs_from_granite_stonecutting": {
    "criteria": {
      "has_granite": "2024-08-29 18:07:46 +0000"
    },
    "done": true
  },
  "minecraft:recipes/transportation/oak_boat": {
    "criteria": {
      "in_water": "2024-08-29 16:07:23 +0000"
    },
    "done": true
  },
  "betterdungeons:spider_dungeon": {
    "criteria": {
      "in_better_spider_dungeon": "2024-08-29 21:01:58 +0000"
    },
    "done": true
  },
  "iceandfire:iceandfire/dragon_staff": {
    "criteria": {
      "bestiary": "2024-08-29 16:25:55 +0000"
    },
    "done": true
  },
  "minecraft:recipes/decorations/birch_fence": {
    "criteria": {
      "has_planks": "2024-08-29 16:06:58 +0000"
    },
    "done": true
  },
  "minecraft:recipes/decorations/sandstone_wall_from_sandstone_stonecutting": {
    "criteria": {
      "has_sandstone": "2024-08-29 16:10:40 +0000"
    },
    "done": true
  },
  "minecraft:recipes/decorations/blue_bed_from_white_bed": {
    "criteria": {
      "has_bed": "2024-08-29 17:09:35 +0000"
    },
    "done": true
  },
  "lootr:1barrel": {
    "criteria": {
      "opened_barrel": "2024-08-29 21:20:33 +0000"
    },
    "done": true
  },
  "minecraft:recipes/building_blocks/cyan_concrete_powder": {
    "criteria": {
      "has_sand": "2024-08-29 16:13:03 +0000"
    },
    "done": true
  },
  "minecraft:recipes/building_blocks/stone_brick_stairs": {
    "criteria": {
      "has_stone_bricks": "2024-08-29 16:57:58 +0000"
    },
    "done": true
  },
  "minecraft:recipes/combat/golden_boots": {
    "criteria": {
      "has_gold_ingot": "2024-08-29 16:13:53 +0000"
    },
    "done": true
  },
  "securitycraft:recipes/securitycraft/claymore": {
    "criteria": {
      "has_redstone": "2024-08-29 16:16:28 +0000"
    },
    "done": true
  },
  "minecraft:recipes/tools/wooden_axe": {
    "criteria": {
      "has_the_recipe": "2024-08-29 16:07:13 +0000"
    },
    "done": true
  },
  "minecraft:recipes/building_blocks/lime_wool": {
    "criteria": {
      "has_white_wool": "2024-08-29 16:20:33 +0000"
    },
    "done": true
  },
  "minecraft:recipes/decorations/mossy_stone_brick_wall_from_mossy_stone_brick_stonecutting": {
    "criteria": {
      "has_mossy_stone_bricks": "2024-08-29 16:58:12 +0000"
    },
    "done": true
  },
  "securitycraft:recipes/securitycraft/keycard_lv2": {
    "criteria": {
      "has_iron": "2024-08-29 16:15:14 +0000"
    },
    "done": true
  },
  "securitycraft:recipes/securitycraft/keycard_lv1": {
    "criteria": {
      "has_iron": "2024-08-29 16:15:14 +0000"
    },
    "done": true
  },
  "minecraft:recipes/misc/paper": {
    "criteria": {
      "has_reeds": "2024-08-29 18:23:59 +0000"
    },
    "done": true
  },
  "backpacked:recipes/backpacked/crimson_backpack_shelf": {
    "criteria": {
      "has_stick": "2024-08-29 16:08:31 +0000"
    },
    "done": true
  },
  "minecraft:recipes/decorations/loom": {
    "criteria": {
      "has_string": "2024-08-29 16:11:49 +0000"
    },
    "done": true
  },
  "securitycraft:recipes/securitycraft/bouncing_betty": {
    "criteria": {
      "has_iron": "2024-08-29 16:15:14 +0000"
    },
    "done": true
  },
  "minecraft:recipes/building_blocks/green_wool": {
    "criteria": {
      "has_white_wool": "2024-08-29 16:20:33 +0000"
    },
    "done": true
  },
  "minecraft:recipes/tools/diamond_axe": {
    "criteria": {
      "has_diamond": "2024-08-29 16:15:14 +0000"
    },
    "done": true
  },
  "minecraft:recipes/decorations/stone_brick_wall_from_stone_bricks_stonecutting": {
    "criteria": {
      "has_stone_bricks": "2024-08-29 16:57:58 +0000"
    },
    "done": true
  },
  "minecraft:recipes/building_blocks/brown_wool": {
    "criteria": {
      "has_white_wool": "2024-08-29 16:20:33 +0000"
    },
    "done": true
  },
  "minecraft:recipes/building_blocks/chiseled_stone_bricks_from_stone_bricks_stonecutting": {
    "criteria": {
      "has_stone_bricks": "2024-08-29 16:57:58 +0000"
    },
    "done": true
  },
  "minecraft:recipes/decorations/painting": {
    "criteria": {
      "has_wool": "2024-08-29 16:20:33 +0000"
    },
    "done": true
  },
  "twilightforest:alt/biomes/snowy_forest": {
    "criteria": {
      "discover": "2024-08-29 19:10:09 +0000"
    },
    "done": true
  },
  "securitycraft:recipes/securitycraft/sc_manual": {
    "criteria": {
      "has_wood": "2024-08-29 16:05:53 +0000"
    },
    "done": true
  },
  "securitycraft:recipes/securitycraft/keycard_lv4": {
    "criteria": {
      "has_iron": "2024-08-29 16:15:14 +0000"
    },
    "done": true
  },
  "securitycraft:recipes/securitycraft/keycard_lv3": {
    "criteria": {
      "has_iron": "2024-08-29 16:15:14 +0000"
    },
    "done": true
  },
  "minecraft:recipes/misc/nether_brick": {
    "criteria": {
      "has_netherrack": "2024-08-29 16:57:22 +0000"
    },
    "done": true
  },
  "minecraft:recipes/building_blocks/andesite_slab_from_andesite_stonecutting": {
    "criteria": {
      "has_andesite": "2024-08-29 16:08:53 +0000"
    },
    "done": true
  },
  "securitycraft:recipes/securitycraft/keycard_lv5": {
    "criteria": {
      "has_iron": "2024-08-29 16:15:14 +0000"
    },
    "done": true
  },
  "minecraft:recipes/decorations/black_carpet": {
    "criteria": {
      "has_black_wool": "2024-08-29 18:07:47 +0000"
    },
    "done": true
  },
  "minecraft:recipes/combat/arrow": {
    "criteria": {
      "has_feather": "2024-08-29 18:34:21 +0000"
    },
    "done": true
  },
  "minecraft:recipes/redstone/acacia_fence_gate": {
    "criteria": {
      "has_planks": "2024-08-29 21:49:09 +0000"
    },
    "done": true
  },
  "minecraft:recipes/building_blocks/coal_block": {
    "criteria": {
      "has_coal": "2024-08-29 18:32:18 +0000"
    },
    "done": true
  },
  "minecraft:recipes/misc/gold_ingot": {
    "criteria": {
      "has_gold_ore": "2024-08-29 18:47:32 +0000"
    },
    "done": true
  },
  "minecraft:recipes/redstone/light_weighted_pressure_plate": {
    "criteria": {
      "has_gold_ingot": "2024-08-29 16:13:53 +0000"
    },
    "done": true
  },
  "minecraft:recipes/misc/gold_nugget_from_blasting": {
    "criteria": {
      "has_golden_pickaxe": "2024-08-29 16:16:28 +0000"
    },
    "done": true
  },
  "minecraft:recipes/tools/stone_shovel": {
    "criteria": {
      "has_cobblestone": "2024-08-29 16:09:00 +0000"
    },
    "done": true
  },
  "securitycraft:recipes/securitycraft/reinforced_jungle_fence_gate": {
    "criteria": {
      "has_stick": "2024-08-29 16:08:31 +0000"
    },
    "done": true
  },
  "minecraft:recipes/building_blocks/blue_concrete_powder": {
    "criteria": {
      "has_sand": "2024-08-29 16:13:03 +0000"
    },
    "done": true
  },
  "hats:hats/hats_unlocked_1": {
    "criteria": {
      "hats_unlocked": "2024-08-29 16:08:01 +0000"
    },
    "done": true
  },
  "minecraft:recipes/building_blocks/diorite_stairs": {
    "criteria": {
      "has_diorite": "2024-08-29 18:37:58 +0000"
    },
    "done": true
  },
  "cataclysm:root": {
    "criteria": {
      "custom_test_name": "2024-08-29 16:05:35 +0000"
    },
    "done": true
  },
  "minecraft:recipes/building_blocks/granite_slab_from_granite_stonecutting": {
    "criteria": {
      "has_granite": "2024-08-29 18:07:46 +0000"
    },
    "done": true
  },
  "securitycraft:recipes/securitycraft/universal_block_reinforcer_lvl2": {
    "criteria": {
      "has_redstone": "2024-08-29 16:16:28 +0000"
    },
    "done": true
  },
  "securitycraft:recipes/securitycraft/reinforced_andesite": {
    "criteria": {
      "has_cobblestone": "2024-08-29 16:09:00 +0000"
    },
    "done": true
  },
  "securitycraft:recipes/securitycraft/universal_block_reinforcer_lvl1": {
    "criteria": {
      "has_redstone": "2024-08-29 16:16:28 +0000"
    },
    "done": true
  },
  "securitycraft:recipes/securitycraft/universal_block_reinforcer_lvl3": {
    "criteria": {
      "has_redstone": "2024-08-29 16:16:28 +0000"
    },
    "done": true
  },
  "minecraft:recipes/building_blocks/andesite": {
    "criteria": {
      "has_stone": "2024-08-29 18:37:58 +0000"
    },
    "done": true
  },
  "minecraft:recipes/building_blocks/polished_andesite_stairs_from_polished_andesite_stonecutting": {
    "criteria": {
      "has_polished_andesite": "2024-08-29 19:15:56 +0000"
    },
    "done": true
  },
  "minecraft:recipes/combat/golden_helmet": {
    "criteria": {
      "has_gold_ingot": "2024-08-29 16:13:53 +0000"
    },
    "done": true
  },
  "securitycraft:recipes/securitycraft/floor_trap": {
    "criteria": {
      "has_iron": "2024-08-29 16:15:14 +0000"
    },
    "done": true
  },
  "minecraft:recipes/building_blocks/cut_sandstone_slab_from_sandstone_stonecutting": {
    "criteria": {
      "has_sandstone": "2024-08-29 16:10:40 +0000"
    },
    "done": true
  },
  "minecraft:recipes/tools/lead": {
    "criteria": {
      "has_slime_ball": "2024-08-29 20:26:05 +0000"
    },
    "done": true
  },
  "minecraft:recipes/redstone/acacia_trapdoor": {
    "criteria": {
      "has_planks": "2024-08-29 21:49:09 +0000"
    },
    "done": true
  },
  "minecraft:recipes/redstone/oak_pressure_plate": {
    "criteria": {
      "has_planks": "2024-08-29 16:06:56 +0000"
    },
    "done": true
  },
  "hats:hats/colourise_hat": {
    "criteria": {
      "code_trigger": "2024-08-29 18:26:45 +0000"
    },
    "done": true
  },
  "securitycraft:recipes/securitycraft/laser_block": {
    "criteria": {
      "has_stone": "2024-08-29 16:09:00 +0000"
    },
    "done": true
  },
  "minecraft:recipes/building_blocks/cut_sandstone": {
    "criteria": {
      "has_sandstone": "2024-08-29 16:10:40 +0000"
    },
    "done": true
  },
  "twilightforest:alt/major_landmarks/hedge_maze": {
    "criteria": {
      "discover": "2024-08-29 19:11:16 +0000"
    },
    "done": true
  },
  "minecraft:recipes/building_blocks/oak_wood": {
    "criteria": {
      "has_log": "2024-08-29 16:06:51 +0000"
    },
    "done": true
  },
  "minecraft:recipes/food/cooked_salmon": {
    "criteria": {
      "has_salmon": "2024-08-29 21:20:37 +0000"
    },
    "done": true
  },
  "minecraft:story/root": {
    "criteria": {
      "crafting_table": "2024-08-29 16:07:00 +0000"
    },
    "done": true
  },
  "minecraft:recipes/building_blocks/sandstone_slab_from_sandstone_stonecutting": {
    "criteria": {
      "has_sandstone": "2024-08-29 16:10:40 +0000"
    },
    "done": true
  },
  "minecraft:recipes/redstone/dropper": {
    "criteria": {
      "has_redstone": "2024-08-29 16:16:28 +0000"
    },
    "done": true
  },
  "backpacked:recipes/backpacked/spruce_backpack_shelf": {
    "criteria": {
      "has_stick": "2024-08-29 16:08:31 +0000"
    },
    "done": true
  },
  "minecraft:recipes/brewing/brewing_stand": {
    "criteria": {
      "has_blaze_rod": "2024-08-29 20:38:43 +0000"
    },
    "done": true
  },
  "twilightforest:alt/entities/kobold": {
    "criteria": {
      "hurt": "2024-08-29 19:10:22 +0000"
    },
    "done": true
  },
  "minecraft:recipes/combat/leather_chestplate": {
    "criteria": {
      "has_leather": "2024-08-29 16:07:35 +0000"
    },
    "done": true
  },
  "twilightforest:twilight_dinner": {
    "criteria": {
      "raw_meef": "2024-08-29 20:32:37 +0000"
    },
    "done": false
  },
  "minecraft:recipes/building_blocks/acacia_planks": {
    "criteria": {
      "has_log": "2024-08-29 21:49:01 +0000"
    },
    "done": true
  },
  "minecraft:recipes/tools/compass": {
    "criteria": {
      "has_redstone": "2024-08-29 16:16:28 +0000"
    },
    "done": true
  },
  "minecraft:recipes/redstone/oak_button": {
    "criteria": {
      "has_planks": "2024-08-29 16:06:56 +0000"
    },
    "done": true
  },
  "twilightforest:alt/major_landmarks/lich_tower": {
    "criteria": {
      "discover": "2024-08-29 19:25:56 +0000"
    },
    "done": true
  },
  "minecraft:recipes/misc/iron_ingot": {
    "criteria": {
      "has_iron_ore": "2024-08-29 18:35:40 +0000"
    },
    "done": true
  },
  "minecraft:recipes/misc/magenta_dye_from_blue_red_pink": {
    "criteria": {
      "has_blue_dye": "2024-08-29 16:54:18 +0000"
    },
    "done": true
  },
  "twilightforest:alt/entities/arthopods": {
    "criteria": {
      "1": "2024-08-29 19:11:44 +0000"
    },
    "done": true
  },
  "backpacked:recipes/backpacked/acacia_backpack_shelf": {
    "criteria": {
      "has_stick": "2024-08-29 16:08:31 +0000"
    },
    "done": true
  },
  "twilightforest:alt/treasures/steeleaf_armor_set": {
    "criteria": {
      "ingredient": "2024-08-29 20:34:30 +0000"
    },
    "done": true
  },
  "hats:hats/acc_unlocked_1": {
    "criteria": {
      "acc_unlocked": "2024-08-29 16:08:17 +0000"
    },
    "done": true
  },
  "minecraft:recipes/decorations/blue_carpet_from_white_carpet": {
    "criteria": {
      "has_blue_dye": "2024-08-29 16:54:18 +0000"
    },
    "done": true
  },
  "minecraft:nether/obtain_blaze_rod": {
    "criteria": {
      "blaze_rod": "2024-08-29 20:38:43 +0000"
    },
    "done": true
  },
  "minecraft:recipes/building_blocks/polished_andesite": {
    "criteria": {
      "has_stone": "2024-08-29 16:08:53 +0000"
    },
    "done": true
  },
  "twilightforest:alt/treasures/foods/any": {
    "criteria": {
      "2": "2024-08-29 20:24:42 +0000"
    },
    "done": true
  },
  "minecraft:recipes/building_blocks/mossy_stone_brick_slab_from_mossy_stone_brick_stonecutting": {
    "criteria": {
      "has_mossy_stone_bricks": "2024-08-29 16:58:12 +0000"
    },
    "done": true
  },
  "twilightforest:alt/treasures/armors": {
    "criteria": {
      "1": "2024-08-29 19:15:51 +0000"
    },
    "done": true
  },
  "minecraft:recipes/food/cooked_beef": {
    "criteria": {
      "has_beef": "2024-08-29 16:07:53 +0000"
    },
    "done": true
  },
  "minecraft:recipes/redstone/iron_door": {
    "criteria": {
      "has_iron_ingot": "2024-08-29 16:15:14 +0000"
    },
    "done": true
  },
  "twilightforest:alt/biomes/twilight_swamp": {
    "criteria": {
      "0": "2024-08-29 20:07:27 +0000"
    },
    "done": true
  },
  "minecraft:recipes/decorations/composter": {
    "criteria": {
      "has_wood_slab": "2024-08-29 16:11:01 +0000"
    },
    "done": true
  },
  "minecraft:recipes/transportation/powered_rail": {
    "criteria": {
      "has_rail": "2024-08-29 18:44:54 +0000"
    },
    "done": true
  },
  "twilightforest:alt/treasures/maze_map": {
    "criteria": {
      "maze_map_focus": "2024-08-29 20:25:22 +0000"
    },
    "done": true
  },
  "backpacked:recipes/backpacked/jungle_backpack_shelf": {
    "criteria": {
      "has_stick": "2024-08-29 16:08:31 +0000"
    },
    "done": true
  },
  "minecraft:recipes/redstone/oak_door": {
    "criteria": {
      "has_planks": "2024-08-29 16:06:56 +0000"
    },
    "done": true
  },
  "securitycraft:recipes/securitycraft/motion_activated_light": {
    "criteria": {
      "has_stick": "2024-08-29 16:08:31 +0000"
    },
    "done": true
  },
  "minecraft:recipes/transportation/jungle_boat": {
    "criteria": {
      "in_water": "2024-08-29 16:07:23 +0000"
    },
    "done": true
  },
  "twilightforest:alt/treasures/steeleaf_tool_set": {
    "criteria": {
      "ingredient": "2024-08-29 20:34:30 +0000"
    },
    "done": true
  },
  "minecraft:recipes/building_blocks/birch_stairs": {
    "criteria": {
      "has_planks": "2024-08-29 16:06:58 +0000"
    },
    "done": true
  },
  "securitycraft:recipes/securitycraft/mine": {
    "criteria": {
      "has_iron": "2024-08-29 16:15:14 +0000"
    },
    "done": true
  },
  "twilightforest:alt/entities/lich_zombies": {
    "criteria": {
      "hurt": "2024-08-29 20:20:05 +0000"
    },
    "done": true
  },
  "minecraft:recipes/redstone/heavy_weighted_pressure_plate": {
    "criteria": {
      "has_iron_ingot": "2024-08-29 16:15:14 +0000"
    },
    "done": true
  },
  "minecraft:recipes/transportation/dark_oak_boat": {
    "criteria": {
      "in_water": "2024-08-29 16:07:23 +0000"
    },
    "done": true
  },
  "minecraft:recipes/decorations/andesite_wall_from_andesite_stonecutting": {
    "criteria": {
      "has_andesite": "2024-08-29 16:08:53 +0000"
    },
    "done": true
  },
  "minecraft:recipes/building_blocks/pink_wool": {
    "criteria": {
      "has_white_wool": "2024-08-29 16:20:33 +0000"
    },
    "done": true
  },
  "usefulbackpacks:recipes/backpack_small": {
    "criteria": {
      "has_leather": "2024-08-29 16:07:35 +0000"
    },
    "done": true
  },
  "twilightforest:magic_map_focus": {
    "criteria": {
      "focus": "2024-08-29 19:54:28 +0000"
    },
    "done": true
  },
  "minecraft:recipes/decorations/brown_bed_from_white_bed": {
    "criteria": {
      "has_bed": "2024-08-29 17:09:35 +0000"
    },
    "done": true
  },
  "minecraft:recipes/building_blocks/polished_granite": {
    "criteria": {
      "has_stone": "2024-08-29 18:07:46 +0000"
    },
    "done": true
  },
  "minecraft:recipes/redstone/birch_trapdoor": {
    "criteria": {
      "has_planks": "2024-08-29 16:06:58 +0000"
    },
    "done": true
  },
  "minecraft:recipes/combat/golden_leggings": {
    "criteria": {
      "has_gold_ingot": "2024-08-29 16:13:53 +0000"
    },
    "done": true
  },
  "securitycraft:recipes/securitycraft/briefcase": {
    "criteria": {
      "has_iron": "2024-08-29 16:15:14 +0000"
    },
    "done": true
  },
  "minecraft:recipes/redstone/piston": {
    "criteria": {
      "has_redstone": "2024-08-29 16:16:28 +0000"
    },
    "done": true
  },
  "twilightforest:progress_yeti": {
    "criteria": {
      "previous_progression": "2024-08-29 19:42:08 +0000"
    },
    "done": false
  },
  "twilightforest:alt/entities/slime_beetle": {
    "criteria": {
      "hurt": "2024-08-29 20:35:30 +0000"
    },
    "done": true
  },
  "minecraft:recipes/building_blocks/chiseled_red_sandstone": {
    "criteria": {
      "has_cut_red_sandstone": "2024-08-29 16:14:50 +0000"
    },
    "done": true
  },
  "minecraft:recipes/food/cooked_beef_from_campfire_cooking": {
    "criteria": {
      "has_beef": "2024-08-29 16:07:53 +0000"
    },
    "done": true
  },
  "minecraft:recipes/combat/diamond_boots": {
    "criteria": {
      "has_diamond": "2024-08-29 16:15:14 +0000"
    },
    "done": true
  },
  "twilightforest:progress_lich": {
    "criteria": {
      "kill_lich": "2024-08-29 19:42:08 +0000",
      "kill_naga": "2024-08-29 19:15:51 +0000"
    },
    "done": true
  },
  "securitycraft:recipes/securitycraft/reinforced_fence_gate": {
    "criteria": {
      "has_iron": "2024-08-29 16:15:14 +0000"
    },
    "done": true
  },
  "twilightforest:hedge": {
    "criteria": {
      "swarm_spider": "2024-08-29 19:11:44 +0000"
    },
    "done": true
  },
  "minecraft:recipes/decorations/soul_campfire": {
    "criteria": {
      "has_stick": "2024-08-29 16:08:31 +0000"
    },
    "done": true
  },
  "minecraft:story/smelt_iron": {
    "criteria": {
      "iron": "2024-08-29 16:15:14 +0000"
    },
    "done": true
  },
  "morevillagers:first_workstation_get": {
    "criteria": {
      "blueprinttable": "2024-08-29 16:22:45 +0000"
    },
    "done": true
  },
  "minecraft:recipes/decorations/light_gray_bed_from_white_bed": {
    "criteria": {
      "has_bed": "2024-08-29 17:09:35 +0000"
    },
    "done": true
  },
  "DataVersion": 2586
}