{
  "minecraft:recipes/decorations/crafting_table": {
    "criteria": {
      "unlock_right_away": "2024-07-17 10:23:55 +0000"
    },
    "done": true
  },
  "minecraft:adventure/adventuring_time": {
    "criteria": {
      "minecraft:snowy_slopes": "2024-07-17 10:23:56 +0000",
      "minecraft:frozen_river": "2024-07-17 10:25:52 +0000",
      "minecraft:snowy_plains": "2024-07-17 10:24:33 +0000",
      "minecraft:grove": "2024-07-17 10:25:26 +0000"
    },
    "done": false
  },
  "DataVersion": 3465
}